name,type,geolocation,dno,voltages
Sawles Road,primary,POINT (50.33207 -4.790694),NGED,[]
Ruskington,primary,POINT (53.044549 -0.400293),NGED,"['11', '33']"
Madeley,primary,POINT (52.650669 -2.45351),NGED,"['11', '33']"
Hammerley Down,primary,POINT (51.625807 -2.420013),NGED,"['11', '33']"
Cheadle,primary,POINT (52.981413 -2.004621),NGED,"['11', '33']"
Congleton,primary,POINT (53.163438 -2.203748),NGED,"['11', '33']"
Metheringham,primary,POINT (53.135118 -0.409248),NGED,"['11', '33']"
Ruston & Hornsby,primary,POINT (53.225204 -0.55234),NGED,"['6.6', '33']"
North Hykeham,primary,POINT (53.192534 -0.599573),NGED,"['11', '33']"
Stamford,primary,POINT (52.651724 -0.471716),NGED,['11']
Crowland,primary,POINT (52.683462 -0.163956),NGED,"['11', '33']"
Donington,primary,POINT (52.915491 -0.188961),NGED,"['11', '33']"
Kirton,primary,POINT (52.921867 -0.057565),NGED,"['11', '33']"
Sleaford Road Boston,primary,POINT (52.97796 -0.033035),NGED,"['11', '33']"
Ipsley,primary,POINT (52.29606 -1.914499),NGED,"['66', '11']"
Sutton Junction,primary,POINT (53.123882 -1.23147),NGED,"['11', '33']"
Exebridge,primary,POINT (51.015097 -3.528323),NGED,[]
Pentrebach,primary,POINT (51.729441 -3.367855),NGED,[]
Portable Swbd No3,primary,POINT (51.667638 -3.913733),NGED,[]
Commercial Street Neath,primary,POINT (51.662746 -3.807654),NGED,[]
Gethin Street Swansea,primary,POINT (51.618277 -3.948823),NGED,[]
Swansea Trading Estate,primary,POINT (51.646278 -3.989094),NGED,[]
Llandovery,primary,POINT (51.988317 -3.805447),NGED,[]
Hendy,primary,POINT (51.71309 -4.054011),NGED,[]
Llanllwni,primary,POINT (52.047503 -4.234771),NGED,[]
Staplegrove,primary,POINT (51.02544 -3.120389),NGED,[]
Stadco,primary,POINT (51.867778 -2.257075),NGED,['33']
Pattingham,primary,POINT (52.589952 -2.258893),NGED,"['11', '33']"
Drayton Farm North,primary,POINT (52.196511 -1.772572),NGED,"['66', '11']"
Clase,primary,POINT (51.666683 -3.944465),NGED,[]
Arnold,primary,POINT (53.007664 -1.124144),NGED,"['11', '33']"
Langdale Drive,primary,POINT (52.529903 -1.436458),NGED,"['11', '33']"
Brownsover,primary,POINT (52.387099 -1.255213),NGED,"['11', '33']"
Ryton,primary,POINT (52.367624 -1.448306),NGED,"['11', '33']"
Dillotford Ave,primary,POINT (52.388254 -1.506706),NGED,"['11', '33']"
Sherwood Park,primary,POINT (53.070799 -1.261041),NGED,"['11', '33']"
Bolsover,primary,POINT (53.235593 -1.325463),NGED,['11']
Walton,primary,POINT (53.2165 -1.4662),NGED,"['11', '33']"
Bilsthorpe,primary,POINT (53.151719 -1.012788),NGED,"['11', '33']"
Thoresby,primary,POINT (53.198692 -1.040796),NGED,"['11', '33']"
Crown Farm,primary,POINT (53.147578 -1.157035),NGED,"['11', '33']"
Skegby Lane,primary,POINT (53.137896 -1.217557),NGED,"['11', '33']"
Hucknall,primary,POINT (53.041253 -1.198695),NGED,"['11', '33']"
East Leake,primary,POINT (52.843663 -1.18149),NGED,"['11', '33']"
Tournament Fields,primary,POINT (52.26519 -1.611098),NGED,"['11', '33']"
Banbury Road,primary,POINT (52.257881 -1.564866),NGED,"['11', '33']"
Cotgrave,primary,POINT (52.923778 -1.030817),NGED,"['11', '33']"
Colwick,primary,POINT (52.960398 -1.080229),NGED,"['11', '33']"
Pytchley Road,primary,POINT (52.374836 -0.720699),NGED,"['11', '33']"
Melton Mowbray,primary,POINT (52.764357 -0.869689),NGED,['11']
Bradley Stoke,primary,POINT (51.547268 -2.559968),NGED,[]
Grantham South,primary,POINT (52.904198 -0.637793),NGED,['11']
Hill Barton,primary,POINT (50.712273 -3.411298),NGED,[]
Misterton,primary,POINT (53.43425 -0.843897),NGED,"['11', '33']"
Checkerhouse,primary,POINT (53.306985 -0.99605),NGED,['11']
Manton,primary,POINT (53.294775 -1.095838),NGED,"['11', '33']"
Jaguar Land Rover,primary,POINT (52.193786 -1.477729),NGED,[]
Wood End,primary,POINT (52.582358 -1.629861),NGED,"['11', '33']"
Tamworth Grid,primary,POINT (52.608617 -1.65687),NGED,['11']
Chepstow,primary,POINT (51.642482 -2.672301),NGED,[]
Raunds,primary,POINT (52.344901 -0.548337),NGED,['11']
Little Irchester,primary,POINT (52.287515 -0.679584),NGED,"['11', '33']"
Rushden,primary,POINT (52.295259 -0.597193),NGED,"['11', '33']"
Oakley,primary,POINT (52.464283 -0.730634),NGED,"['11', '33']"
Northampton West,primary,POINT (52.245679 -0.913087),NGED,['11']
Northampton East,primary,POINT (52.243256 -0.837176),NGED,['11']
University Of Warwick,primary,POINT (52.383969 -1.564583),NGED,"['11', '33']"
Abertillery,primary,POINT (51.727716 -3.135585),NGED,[]
Newhouse,primary,POINT (51.621905 -2.668313),NGED,[]
Tean,primary,POINT (52.958526 -1.990342),NGED,"['11', '33']"
Plymstock South,primary,POINT (50.353415 -4.100342),NGED,[]
Wribbenhall,primary,POINT (52.385386 -2.307605),NGED,"['11', '33']"
Mill Street Tonyrefail,primary,POINT (51.582177 -3.430065),NGED,[]
Llanrhidian,primary,POINT (51.606898 -4.176188),NGED,[]
Brynmawr,primary,POINT (51.796595 -3.174511),NGED,[]
Tenby,primary,POINT (51.671905 -4.709947),NGED,[]
Willesley,primary,POINT (52.732971 -1.499835),NGED,"['11', '33']"
Fishguard,primary,POINT (51.978653 -4.971672),NGED,[]
Llynfi,primary,POINT (51.571735 -3.611382),NGED,[]
Northcote Street,primary,POINT (51.490652 -3.171066),NGED,[]
Moira,primary,POINT (52.740816 -1.553098),NGED,"['11', '33']"
Taff Bank,primary,POINT (51.471231 -3.18069),NGED,[]
Higher Woodway,primary,POINT (50.561556 -3.496093),NGED,[]
Ashgrove,primary,POINT (51.517711 -3.216727),NGED,[]
Upton Valley,primary,POINT (50.469359 -3.532327),NGED,[]
Wadebridge,primary,POINT (50.52245 -4.813203),NGED,[]
Bridge Mills,primary,POINT (50.801854 -3.453745),NGED,[]
Newton Street Cyres,primary,POINT (50.775241 -3.56911),NGED,[]
Hill Chorlton,primary,POINT (52.95215 -2.29734),NGED,"['11', '33']"
Caythorpe,primary,POINT (53.006892 -0.991505),NGED,"['11', '33']"
Westwick,primary,POINT (51.349969 -2.896252),NGED,[]
Bath Road,primary,POINT (51.141999 -2.981488),NGED,[]
Millfield,primary,POINT (51.120626 -2.720605),NGED,[]
Churchill Gate,primary,POINT (51.337976 -2.793676),NGED,"['11', '33']"
Chew Stoke,primary,POINT (51.372216 -2.637805),NGED,[]
Bournville,primary,POINT (51.327344 -2.965434),NGED,[]
Congresbury,primary,POINT (51.375681 -2.80269),NGED,[]
Georgeham,primary,POINT (51.151436 -4.177092),NGED,[]
Heddon Cross,primary,POINT (51.037084 -3.928895),NGED,[]
Barnstaple Quay,primary,POINT (51.080096 -4.062291),NGED,[]
Polzeath,primary,POINT (50.570127 -4.866862),NGED,[]
Laywell Brixham,primary,POINT (50.384466 -3.52354),NGED,[]
Ringland Newport,primary,POINT (51.586961 -2.943778),NGED,[]
Llandough,primary,POINT (51.4465 -3.19968),NGED,[]
Highmead,primary,POINT (51.476908 -3.244757),NGED,[]
Lawes Bridge,primary,POINT (50.484744 -3.551601),NGED,[]
Penzance Heamoor,primary,POINT (50.132127 -5.552568),NGED,[]
Maxwell House Data Centre,primary,POINT (52.002384 -0.737258),NGED,"['11', '33']"
Wood Lane,primary,POINT (52.552406 -1.457895),NGED,"['11', '33']"
Knypersley,primary,POINT (53.098695 -2.178531),NGED,"['11', '33']"
Kenilworth,primary,POINT (52.337094 -1.584622),NGED,"['11', '33']"
Wise Street,primary,POINT (52.283399 -1.532821),NGED,"['11', '33']"
Whatley Quarry,primary,POINT (51.229072 -2.388219),NGED,[]
Priorswood,primary,POINT (51.025894 -3.091425),NGED,[]
Farnsfield,primary,POINT (53.10489 -1.023301),NGED,"['11', '33']"
I54 Business Park,primary,POINT (52.630496 -2.141941),NGED,"['11', '33']"
Javelin Park Efw,primary,POINT (51.792378 -2.292546),NGED,[]
Hatton,primary,POINT (52.863811 -1.681599),NGED,"['11', '33']"
Bulwell,primary,POINT (53.002257 -1.198776),NGED,"['11', '33']"
Penarth,primary,POINT (51.430859 -3.186784),NGED,[]
Brecon,primary,POINT (51.943491 -3.389519),NGED,[]
Harlescott,primary,POINT (52.738627 -2.728802),NGED,"['11', '33']"
Evesham,primary,POINT (52.109998 -1.932976),NGED,"['66', '11']"
Rufford,primary,POINT (53.137902 -1.109643),NGED,"['11', '33']"
Long Marston,primary,POINT (52.102534 -1.78232),NGED,"['66', '11']"
Tamar Pumping S,primary,POINT (50.530174 -4.207537),NGED,[]
Kinver,primary,POINT (52.440844 -2.214473),NGED,"['11', '33']"
Birch Coppice,primary,POINT (52.592013 -1.624185),NGED,"['11', '33']"
Broad StreetBarry,primary,POINT (51.403832 -3.272215),NGED,[]
Hazelwood,primary,POINT (52.485436 -0.713046),NGED,"['11', '33']"
Rock Farm Ess,primary,POINT (52.368565 -2.689266),NGED,[]
Hinckley,primary,POINT (52.52907 -1.395062),NGED,['11']
Abington,primary,POINT (52.247844 -0.876459),NGED,"['11', '33']"
Larport Farm Bess,primary,POINT (52.05484 -2.621393),NGED,[]
Penn Cross,primary,POINT (50.745513 -2.926796),NGED,[]
Pinhoe,primary,POINT (50.738417 -3.477984),NGED,[]
Raf Cranwell High G Facility,primary,POINT (53.025486 -0.478086),NGED,[]
Earlstrees,primary,POINT (52.511 -0.696901),NGED,"['11', '33']"
Desborough,primary,POINT (52.445451 -0.815013),NGED,"['11', '33']"
Farndon Road,primary,POINT (52.471221 -0.933465),NGED,"['11', '33']"
Field Street,primary,POINT (52.403206 -0.728625),NGED,"['11', '33']"
Northampton,primary,POINT (52.228963 -0.881138),NGED,['11']
Campbell Street,primary,POINT (52.243341 -0.896653),NGED,"['11', '33']"
Chapel Brampton,primary,POINT (52.290078 -0.927205),NGED,"['11', '33']"
Emersons Green,primary,POINT (51.498052 -2.473305),NGED,[]
Trull,primary,POINT (51.001742 -3.121613),NGED,[]
Wedmore,primary,POINT (51.229522 -2.807118),NGED,[]
Shapwick,primary,POINT (51.134385 -2.836544),NGED,[]
Dinder,primary,POINT (51.207392 -2.585854),NGED,[]
Ellesmere Avenue,primary,POINT (52.242204 -0.931333),NGED,"['11', '33']"
Welton,primary,POINT (52.305263 -1.129399),NGED,"['11', '33']"
Wavendon Gate,primary,POINT (52.024082 -0.688084),NGED,"['11', '33']"
Corby No2,primary,POINT (52.492127 -0.668516),NGED,['11']
Olney,primary,POINT (52.153873 -0.711285),NGED,"['11', '33']"
Burton Latimer,primary,POINT (52.363913 -0.69524),NGED,"['11', '33']"
Cannon Street,primary,POINT (52.305252 -0.689147),NGED,"['11', '33']"
Tattenhoe,primary,POINT (52.000473 -0.796017),NGED,[]
Llandarcy,primary,POINT (51.649754 -3.851385),NGED,[]
Periton,primary,POINT (51.200257 -3.497071),NGED,[]
Twerton,primary,POINT (51.381518 -2.396563),NGED,[]
Gresley,primary,POINT (52.758396 -1.589444),NGED,['11']
Rotol,primary,POINT (51.897801 -2.178506),NGED,"['11', '33']"
Dymock,primary,POINT (51.970498 -2.449286),NGED,"['66', '11']"
Magna Park,primary,POINT (52.449175 -1.250561),NGED,"['11', '33']"
Bustleholm Switch House,primary,POINT (52.553794 -1.961934),NGED,['11']
Galton Junction B R,primary,POINT (52.5014 -1.9791),NGED,['25']
Park Farm,primary,POINT (52.299311 -0.738832),NGED,"['11', '33']"
Crick,primary,POINT (52.352142 -1.164684),NGED,"['11', '33']"
Thrapston,primary,POINT (52.391994 -0.551157),NGED,"['11', '33']"
Sharnbrook,primary,POINT (52.228252 -0.565263),NGED,"['11', '33']"
Victoria Road,primary,POINT (51.997849 -0.718566),NGED,"['11', '33']"
Childs Way,primary,POINT (52.03356 -0.764661),NGED,"['11', '33']"
Hawton,primary,POINT (53.049998 -0.805257),NGED,['11']
Waddington,primary,POINT (53.17501 -0.535747),NGED,"['11', '33']"
Newark Junction,primary,POINT (53.078294 -0.798637),NGED,"['11', '33']"
Empingham,primary,POINT (52.662078 -0.595724),NGED,"['11', '33']"
Tinwell Road Ketton,primary,POINT (52.637735 -0.543096),NGED,"['11', '33']"
Wittering,primary,POINT (52.611609 -0.43935),NGED,"['11', '33']"
Exton,primary,POINT (52.685996 -0.652537),NGED,"['11', '33']"
Ketton Cement,primary,POINT (52.642188 -0.544736),NGED,"['11', '33']"
Market Deeping,primary,POINT (52.678181 -0.301201),NGED,"['11', '33']"
Holwell,primary,POINT (52.775243 -0.91981),NGED,"['11', '33']"
Skillington,primary,POINT (52.811976 -0.676583),NGED,"['11', '33']"
Bottesford,primary,POINT (52.930565 -0.814707),NGED,"['11', '33']"
Billingborough,primary,POINT (52.894823 -0.365005),NGED,"['11', '33']"
Bourne,primary,POINT (52.765816 -0.384397),NGED,['11']
Spalding Clay Lake,primary,POINT (52.773502 -0.143002),NGED,['11']
South Carlton,primary,POINT (53.272873 -0.575984),NGED,"['11', '33']"
Bletchley,primary,POINT (52.011855 -0.744248),NGED,['11']
Rookery Lane,primary,POINT (53.210193 -0.561352),NGED,"['11', '33']"
Ledbury,primary,POINT (52.046643 -2.426792),NGED,"['66', '11']"
Winslow,primary,POINT (51.951806 -0.883872),NGED,"['11', '33']"
Kiln Farm,primary,POINT (52.049314 -0.825504),NGED,"['11', '33']"
Wicken,primary,POINT (52.048044 -0.904662),NGED,"['11', '33']"
Towcester,primary,POINT (52.124412 -0.979698),NGED,"['11', '33']"
Woodford Halse,primary,POINT (52.173645 -1.207864),NGED,"['11', '33']"
Newent,primary,POINT (51.928898 -2.380183),NGED,"['66', '11']"
Mead Lane,primary,POINT (51.714531 -2.537541),NGED,"['11', '33']"
Netherhills,primary,POINT (51.762318 -2.3405),NGED,"['11', '33']"
Simplex,primary,POINT (52.966286 -2.077798),NGED,"['11', '33']"
Leek,primary,POINT (53.102159 -2.032564),NGED,"['11', '33']"
Cauldon,primary,POINT (53.041173 -1.886161),NGED,"['11', '33']"
Dursley,primary,POINT (51.690772 -2.347774),NGED,"['11', '33']"
Stafford South,primary,POINT (52.794369 -2.107031),NGED,['11']
Ingoldmells,primary,POINT (53.180153 0.331386),NGED,"['11', '33']"
Kingsley Holt,primary,POINT (53.009123 -1.969317),NGED,"['11', '33']"
Fiskerton,primary,POINT (53.238341 -0.415448),NGED,"['11', '33']"
Wednesbury Power,primary,POINT (52.544179 -2.020556),NGED,[]
Cotham,primary,POINT (51.460327 -2.60017),NGED,[]
Street Mellons,primary,POINT (51.529759 -3.107009),NGED,[]
Ilfracombe,primary,POINT (51.200096 -4.110519),NGED,[]
Street Mawgan,primary,POINT (50.427485 -5.004584),NGED,[]
Rockingham Data Centre,primary,POINT (52.516714 -0.650102),NGED,['11']
Tuxford,primary,POINT (53.234451 -0.902219),NGED,"['11', '33']"
Worthington,primary,POINT (52.782591 -1.379382),NGED,"['11', '33']"
Tuffley,primary,POINT (51.837405 -2.261967),NGED,"['11', '33']"
Sneinton,primary,POINT (52.948952 -1.132474),NGED,"['11', '33']"
Heanor,primary,POINT (53.021297 -1.362367),NGED,['11']
Denby,primary,POINT (53.015609 -1.42993),NGED,"['11', '33']"
Wollaton Road,primary,POINT (52.955464 -1.183743),NGED,"['11', '33']"
Staveley,primary,POINT (53.267152 -1.385105),NGED,['11']
Lincoln Local No4,primary,POINT (53.228138 -0.521815),NGED,['11']
Kenswick,primary,POINT (52.228102 -2.310791),NGED,"['66', '11']"
Mantle Lane,primary,POINT (52.726761 -1.375051),NGED,"['11', '33']"
Wood Street,primary,POINT (51.477759 -3.178022),NGED,[]
Perranporth,primary,POINT (50.321984 -5.154658),NGED,[]
Wellington Town,primary,POINT (50.978553 -3.225716),NGED,[]
Dunlop,primary,POINT (52.437292 -1.512279),NGED,"['6.6', '33']"
Westhorpe,primary,POINT (53.308891 -1.31652),NGED,"['11', '33']"
Atherstone,primary,POINT (52.585197 -1.549103),NGED,"['11', '33']"
Bakewell,primary,POINT (53.21652 -1.68925),NGED,"['11', '33']"
Old Laira Road,primary,POINT (50.383423 -4.118492),NGED,[]
Blaenporth,primary,POINT (52.111223 -4.525027),NGED,[]
Raunds,primary,POINT (52.345041 -0.548053),NGED,['33']
Walsgrave,primary,POINT (52.425287 -1.446337),NGED,"['11', '33']"
Station Street,primary,POINT (52.804149 -1.63215),NGED,"['11', '33']"
Nottingham North,primary,POINT (52.978405 -1.173377),NGED,['11']
Goitside,primary,POINT (53.233431 -1.44484),NGED,['6.6']
Ashby De La Zouch,primary,POINT (52.75886 -1.480675),NGED,"['11', '33']"
Leominster,primary,POINT (52.228854 -2.760891),NGED,"['66', '11']"
Lynton,primary,POINT (51.221727 -3.848346),NGED,[]
Banbury Lane,primary,POINT (52.215387 -0.945648),NGED,"['11', '33']"
Gulson Road,primary,POINT (52.407526 -1.491012),NGED,"['6.6', '33']"
Market Harborough,primary,POINT (52.479487 -0.902447),NGED,"['11', '33']"
Infinity Park,primary,POINT (52.879055 -1.463684),NGED,"['11', '33']"
Erin Road,primary,POINT (53.257272 -1.333142),NGED,"['11', '33']"
Erdington,primary,POINT (52.512977 -1.827585),NGED,['11']
Whitley South Idno,primary,POINT (52.3727 -1.4882),NGED,[]
Campbell Park,primary,POINT (52.051379 -0.744161),NGED,"['11', '33']"
Long Sutton,primary,POINT (52.778403 0.113698),NGED,"['11', '33']"
Tiverton Junction,primary,POINT (50.896505 -3.381282),NGED,[]
Ottery Street Mary,primary,POINT (50.745823 -3.286453),NGED,[]
New Beacon Road Grantham,primary,POINT (52.91325 -0.629136),NGED,"['11', '33']"
Redcross Street,primary,POINT (52.633958 -1.13845),NGED,"['11', '33']"
Hopton,primary,POINT (53.088841 -1.609795),NGED,"['11', '33']"
Southwell,primary,POINT (53.077544 -0.941205),NGED,"['11', '33']"
Ollerton,primary,POINT (53.195007 -1.023186),NGED,"['11', '33']"
Blidworth,primary,POINT (53.088571 -1.144302),NGED,"['11', '33']"
Biwater,primary,POINT (53.174039 -1.405452),NGED,"['11', '33']"
Whaplode Drove,primary,POINT (52.69783 -0.051899),NGED,"['11', '33']"
Spilsby,primary,POINT (53.16858 0.104625),NGED,"['11', '33']"
Kibworth,primary,POINT (52.537312 -1.023365),NGED,['11']
Regent Street,primary,POINT (52.763679 -0.879666),NGED,"['11', '33']"
Westborough,primary,POINT (52.995325 -0.738496),NGED,"['11', '33']"
Brotheridge Green,primary,POINT (52.071678 -2.262083),NGED,"['66', '11']"
Warwick,primary,POINT (52.286272 -1.562169),NGED,['11']
Llandrindod Wells,primary,POINT (52.242831 -3.387604),NGED,[]
Courtaulds,primary,POINT (52.425143 -1.505104),NGED,"['6.6', '33']"
Horncastle,primary,POINT (53.218146 -0.112232),NGED,"['11', '33']"
Uplands Swansea,primary,POINT (51.618334 -3.964817),NGED,[]
Woodland Way,primary,POINT (51.470706 -2.516573),NGED,[]
Street Anns,primary,POINT (52.95729 -1.143099),NGED,"['11', '33']"
Mapperley,primary,POINT (52.970326 -1.13087),NGED,"['11', '33']"
Bishopsworth,primary,POINT (51.414845 -2.607583),NGED,[]
Gas Lane,primary,POINT (51.484903 -2.7665),NGED,[]
Street Ives,primary,POINT (50.192888 -5.491901),NGED,[]
Cullompton,primary,POINT (50.859334 -3.403344),NGED,[]
Chudleigh Knighton,primary,POINT (50.588117 -3.625392),NGED,[]
Boothville,primary,POINT (52.27168 -0.857903),NGED,"['11', '33']"
Taunton Local,primary,POINT (51.01748 -3.100765),NGED,[]
Sleaford,primary,POINT (52.991554 -0.404397),NGED,['11']
Swansea North Local,primary,POINT (51.684595 -3.963461),NGED,[]
Nevern,primary,POINT (52.015838 -4.792597),NGED,[]
West Cross,primary,POINT (51.588385 -4.001245),NGED,[]
Lenton,primary,POINT (52.943938 -1.188826),NGED,"['11', '33']"
East Midlands Gateway,primary,POINT (52.8387 -1.3057),NGED,"['11', '33']"
Whittleford,primary,POINT (52.526502 -1.514947),NGED,"['11', '33']"
B R Trackside,primary,POINT (52.487 -1.9337),NGED,['25']
Leicester North,primary,POINT (52.646823 -1.143474),NGED,['11']
Thurmaston,primary,POINT (52.664356 -1.094144),NGED,"['11', '33']"
Bodenham,primary,POINT (52.148894 -2.676485),NGED,"['66', '11']"
Hereford North,primary,POINT (52.074578 -2.71442),NGED,"['66', '11']"
Leicester East,primary,POINT (52.629926 -1.101474),NGED,['6.6']
Worfield,primary,POINT (52.572452 -2.336609),NGED,"['11', '33']"
Newdigate,primary,POINT (52.485972 -1.499135),NGED,"['11', '33']"
Syston,primary,POINT (52.701164 -1.061105),NGED,"['11', '33']"
Wellingborough,primary,POINT (52.292442 -0.684408),NGED,['11']
Oundle,primary,POINT (52.495331 -0.473064),NGED,"['11', '33']"
Pineham,primary,POINT (52.217877 -0.95765),NGED,"['11', '33']"
Wellingborough Road,primary,POINT (52.252035 -0.851376),NGED,"['11', '33']"
Braunston Road,primary,POINT (52.261205 -1.175155),NGED,"['11', '33']"
Wolverton,primary,POINT (52.063234 -0.82212),NGED,"['11', '33']"
Holbrook Lane,primary,POINT (52.435508 -1.507135),NGED,"['6.6', '33']"
Easton,primary,POINT (52.828223 -0.607517),NGED,"['11', '33']"
Spalding Park Road,primary,POINT (52.795896 -0.154404),NGED,"['11', '33']"
Old Dalby,primary,POINT (52.798061 -0.985084),NGED,"['11', '33']"
Market Overton,primary,POINT (52.75866 -0.666538),NGED,"['11', '33']"
Portway,primary,POINT (52.045037 -0.761691),NGED,"['11', '33']"
Roseland,primary,POINT (50.198528 -4.978123),NGED,[]
Bretby,primary,POINT (52.7931 -1.5751),NGED,"['11', '33']"
Ripley,primary,POINT (53.057626 -1.406458),NGED,"['11', '33']"
Quorn,primary,POINT (52.749165 -1.173914),NGED,"['11', '33']"
Keyworth,primary,POINT (52.86907 -1.079829),NGED,"['11', '33']"
Clifton,primary,POINT (52.904034 -1.178376),NGED,"['11', '33']"
Toton,primary,POINT (52.916741 -1.264141),NGED,['11']
Tavistock,primary,POINT (50.554226 -4.160957),NGED,[]
Clifton,primary,POINT (51.455607 -2.612197),NGED,[]
Wiveliscombe,primary,POINT (51.035487 -3.308794),NGED,[]
Secklow Gate,primary,POINT (52.041278 -0.746281),NGED,"['11', '33']"
Newport Pagnell,primary,POINT (52.075935 -0.725875),NGED,"['11', '33']"
Kingston,primary,POINT (52.04123 -0.687363),NGED,"['11', '33']"
Osbaston,primary,POINT (52.629029 -1.377685),NGED,"['11', '33']"
Mullion,primary,POINT (50.022161 -5.207944),NGED,[]
Camborne Holmans,primary,POINT (50.214013 -5.289864),NGED,[]
Marchington,primary,POINT (52.879113 -1.802617),NGED,"['11', '33']"
Truro Shortlanesend,primary,POINT (50.278706 -5.069334),NGED,[]
Morley,primary,POINT (52.9684 -1.4137),NGED,"['11', '33']"
Keynsham West,primary,POINT (51.414014 -2.506299),NGED,[]
Chatterley Whitfield Stor,primary,POINT (53.077132 -2.177516),NGED,['33']
Claverdon,primary,POINT (52.276873 -1.69536),NGED,"['11', '33']"
Somerton,primary,POINT (51.058352 -2.741055),NGED,[]
Ashburton,primary,POINT (50.519992 -3.743382),NGED,[]
Brackmills,primary,POINT (52.224265 -0.866557),NGED,"['11', '33']"
Eldergate,primary,POINT (52.04077 -0.771519),NGED,"['11', '33']"
Marlborough Street,primary,POINT (52.062154 -0.758884),NGED,"['11', '33']"
Buckingham,primary,POINT (51.99615 -0.975886),NGED,"['11', '33']"
Thenford,primary,POINT (52.077762 -1.240992),NGED,"['11', '33']"
Tattershall,primary,POINT (53.086522 -0.223987),NGED,"['11', '33']"
Cotes Heath,primary,POINT (52.911425 -2.248035),NGED,"['11', '33']"
Steeple Claydon,primary,POINT (51.929398 -0.991194),NGED,"['11', '33']"
Patchway,primary,POINT (51.521813 -2.561673),NGED,[]
Ilkeston,primary,POINT (52.9759 -1.3245),NGED,"['11', '33']"
Barton Under Needwood,primary,POINT (52.75828 -1.704447),NGED,"['11', '33']"
Pontardawe,primary,POINT (51.718455 -3.853669),NGED,[]
Elim Terrace,primary,POINT (50.38838 -4.13613),NGED,[]
Mangotsfield,primary,POINT (51.486322 -2.494152),NGED,[]
Street Twynells,primary,POINT (51.639446 -4.959068),NGED,[]
Aberaeron,primary,POINT (52.233202 -4.25689),NGED,[]
Trevaughan,primary,POINT (51.86309 -4.32187),NGED,[]
Aberdare,primary,POINT (51.713813 -3.453206),NGED,[]
Tredegar,primary,POINT (51.771243 -3.241448),NGED,[]
Fremington,primary,POINT (51.067169 -4.145387),NGED,[]
Victoria Road,primary,POINT (51.594223 -3.797771),NGED,[]
Litchard,primary,POINT (51.524015 -3.573472),NGED,[]
Aaronsons,primary,POINT (51.022619 -3.874993),NGED,[]
Edgarley,primary,POINT (51.139622 -2.674488),NGED,[]
Lapford,primary,POINT (50.852685 -3.80925),NGED,[]
Cowley Road,primary,POINT (50.735077 -3.541451),NGED,[]
Normanton,primary,POINT (52.899093 -1.49241),NGED,"['11', '33']"
Filton Dc,primary,POINT (51.509476 -2.573034),NGED,[]
Langage,primary,POINT (50.385871 -4.016245),NGED,[]
Entry Hill,primary,POINT (51.360825 -2.36437),NGED,[]
Weston Central,primary,POINT (51.345714 -2.979618),NGED,[]
Nantwen,primary,POINT (51.700011 -3.31266),NGED,[]
Torwood,primary,POINT (50.461418 -3.519319),NGED,[]
Dawlish,primary,POINT (50.579018 -3.480205),NGED,[]
Silverstone,primary,POINT (52.074748 -1.031067),NGED,"['11', '33']"
Osmaston Road,primary,POINT (52.908165 -1.464038),NGED,"['6.6', '33']"
Bentinck Generation,primary,POINT (53.091295 -1.269784),NGED,['33']
Meadow Lane,primary,POINT (53.102119 -1.37578),NGED,"['11', '33']"
Toes,primary,POINT (50.435207 -3.688515),NGED,[]
Dunkeswell,primary,POINT (50.856498 -3.216171),NGED,"['11', '33']"
Core Hill,primary,POINT (50.701962 -3.246834),NGED,[]
Withycombe Raleigh,primary,POINT (50.632515 -3.393792),NGED,[]
Topsham,primary,POINT (50.6844 -3.4645),NGED,[]
Tiverton Moorhayes,primary,POINT (50.9168 -3.4801),NGED,[]
Roadford,primary,POINT (50.687955 -4.237831),NGED,[]
Northam,primary,POINT (51.042174 -4.209669),NGED,[]
Weston-In-Gordano,primary,POINT (51.463961 -2.796278),NGED,[]
Exmouth Works,primary,POINT (50.623555 -3.405996),NGED,[]
Bilson,primary,POINT (51.822556 -2.509939),NGED,"['11', '33']"
Bruntingthorpe,primary,POINT (52.488855 -1.116103),NGED,"['11', '33']"
Daventry,primary,POINT (52.25991 -1.154784),NGED,['11']
Clipstone,primary,POINT (53.165561 -1.103507),NGED,['11']
Annesley (Kirkby),primary,POINT (53.088901 -1.244874),NGED,['11']
Irthlingborough,primary,POINT (52.319833 -0.61411),NGED,['11']
Whetstone,primary,POINT (52.567796 -1.184716),NGED,"['11', '33']"
Wessington,primary,POINT (53.117998 -1.432373),NGED,"['11', '33']"
Somercotes,primary,POINT (53.085212 -1.3728),NGED,"['11', '33']"
Sibthorpe,primary,POINT (52.999496 -0.875554),NGED,"['11', '33']"
Middlefield,primary,POINT (52.556094 -1.374381),NGED,"['11', '33']"
Energlyn,primary,POINT (51.592459 -3.240031),NGED,['33']
Rugby Gateway,primary,POINT (52.404116 -1.252089),NGED,[]
Hockley Farm Road,primary,POINT (52.630476 -1.187571),NGED,"['11', '33']"
Jlr Whitley,primary,POINT (52.382363 -1.485014),NGED,[]
Waall,primary,POINT (53.007609 -1.250228),NGED,"['11', '33']"
Coalville,primary,POINT (52.688492 -1.327501),NGED,['11']
West Haddon,primary,POINT (52.354746 -1.045527),NGED,"['11', '33']"
Warth Lane,primary,POINT (53.142884 0.306952),NGED,"['11', '33']"
Gipsy Lane,primary,POINT (52.501339 -1.443394),NGED,"['11', '33']"
Chapel Street Leonards,primary,POINT (53.2255 0.315886),NGED,"['11', '33']"
Chaddesden,primary,POINT (52.924779 -1.440956),NGED,"['11', '33']"
Belper,primary,POINT (53.015572 -1.476661),NGED,"['11', '33']"
Asfordby,primary,POINT (52.7811 -0.9292),NGED,['11']
Earls Barton,primary,POINT (52.262795 -0.760514),NGED,"['11', '33']"
West Deeping,primary,POINT (52.671591 -0.355987),NGED,"['11', '33']"
Lincoln No 2,primary,POINT (53.228135 -0.521591),NGED,['11']
Gaydon,primary,POINT (52.201712 -1.485201),NGED,"['11', '33']"
Brush,primary,POINT (52.781529 -1.193746),NGED,"['11', '33']"
Alliance And Leicester,primary,POINT (52.583114 -1.207102),NGED,"['11', '33']"
Wragby,primary,POINT (53.286607 -0.307511),NGED,"['11', '33']"
Halfway,primary,POINT (53.328173 -1.342217),NGED,"['11', '33']"
Moorgreen,primary,POINT (53.023149 -1.295415),NGED,"['11', '33']"
Polesworth,primary,POINT (52.616545 -1.612809),NGED,"['11', '33']"
Elton,primary,POINT (51.821273 -2.442692),NGED,"['11', '33']"
Paulton,primary,POINT (51.310514 -2.509491),NGED,[]
Central Intake,primary,POINT (50.378105 -4.180438),NGED,[]
Alma Road,primary,POINT (50.3844 -4.153479),NGED,[]
Street Neot,primary,POINT (50.478188 -4.550949),NGED,[]
Callington,primary,POINT (50.504304 -4.319974),NGED,[]
Fowey,primary,POINT (50.341196 -4.647904),NGED,[]
Mevagissey,primary,POINT (50.285785 -4.799468),NGED,[]
Blackpool,primary,POINT (50.345338 -4.830874),NGED,[]
Truro Treyew Road,primary,POINT (50.257589 -5.065071),NGED,[]
Constantine,primary,POINT (50.124814 -5.184205),NGED,['33']
Hayle,primary,POINT (50.192312 -5.428868),NGED,[]
Street Buryan,primary,POINT (50.082671 -5.630303),NGED,[]
Geevor,primary,POINT (50.148 -5.674069),NGED,[]
Talke,primary,POINT (53.082384 -2.263259),NGED,"['11', '33']"
Haven Road,primary,POINT (50.717279 -3.530597),NGED,[]
Shepton Mallet,primary,POINT (51.192765 -2.54524),NGED,[]
Grantham North,primary,POINT (52.937486 -0.64709),NGED,['11']
Peasedown,primary,POINT (51.317304 -2.430604),NGED,[]
Brackley Town,primary,POINT (52.027206 -1.137751),NGED,"['11', '33']"
Newbury,primary,POINT (51.249041 -2.43223),NGED,[]
Liverton Farm Solar Park,primary,POINT (50.637622 -3.365094),NGED,['33']
Brackley,primary,POINT (52.049168 -1.146035),NGED,['11']
Newton Ferrers,primary,POINT (50.327401 -4.026498),NGED,[]
Hatherleigh,primary,POINT (50.817892 -4.075375),NGED,[]
Holsworthy,primary,POINT (50.806084 -4.356003),NGED,[]
Mansfield Street,primary,POINT (52.638785 -1.133345),NGED,"['11', '33']"
Jupiter,primary,POINT (52.626494 -1.164494),NGED,"['11', '33']"
South Croxton,primary,POINT (52.696592 -0.998906),NGED,"['11', '33']"
Lutterworth,primary,POINT (52.455392 -1.216667),NGED,"['11', '33']"
Bath University,primary,POINT (51.376873 -2.328378),NGED,['33']
Llangewydd,primary,POINT (51.513196 -3.598867),NGED,[]
Luckwell Bridge,primary,POINT (51.137603 -3.563212),NGED,[]
Culmhead,primary,POINT (50.939955 -3.110134),NGED,[]
Lydeard Street Lawrence,primary,POINT (51.079866 -3.23858),NGED,[]
Portishead Ashlands,primary,POINT (51.489192 -2.745659),NGED,[]
Princess Royal,primary,POINT (51.754663 -2.561574),NGED,"['11', '33']"
Wrangle,primary,POINT (53.041204 0.12006),NGED,"['11', '33']"
Flagg,primary,POINT (53.215207 -1.78197),NGED,"['11', '33']"
Harrold,primary,POINT (52.206365 -0.604735),NGED,"['11', '33']"
Beaumont Leys,primary,POINT (52.669377 -1.154405),NGED,"['11', '33']"
Schwyll,primary,POINT (51.481386 -3.601858),NGED,[]
Stoneygate,primary,POINT (52.616171 -1.101386),NGED,"['6.6', '33']"
Braunstone,primary,POINT (52.610191 -1.162545),NGED,"['11', '33']"
Lero,primary,POINT (52.644559 -1.127571),NGED,"['6.6', '33']"
Bideford Main,primary,POINT (51.011942 -4.198979),NGED,[]
Chewton Mendip,primary,POINT (51.271908 -2.565199),NGED,[]
Hookgate,primary,POINT (52.913072 -2.379798),NGED,"['11', '33']"
Bloxham,primary,POINT (52.031515 -1.386448),NGED,"['66', '11']"
Stickney,primary,POINT (53.088768 0.019608),NGED,"['11', '33']"
Salcombe,primary,POINT (50.234585 -3.77726),NGED,[]
Compton Martin,primary,POINT (51.325082 -2.655521),NGED,"['11', '33']"
Newcastle,primary,POINT (53.030077 -2.242155),NGED,"['11', '33']"
Blagdon,primary,POINT (51.337107 -2.715051),NGED,"['11', '33']"
Stratford,primary,POINT (52.194721 -1.741595),NGED,"['66', '11']"
Wyelands,primary,POINT (51.855734 -2.577845),NGED,['33']
Bevington,primary,POINT (52.173522 -1.943614),NGED,"['66', '11']"
Stow,primary,POINT (51.924324 -1.769949),NGED,"['66', '11']"
Stoke Chp,primary,POINT (52.986287 -2.195063),NGED,[]
Castle Donington,primary,POINT (52.8411 -1.3618),NGED,"['11', '33']"
Princethorpe,primary,POINT (52.330422 -1.414504),NGED,"['11', '33']"
Alexandra Road,primary,POINT (50.409215 -4.134449),NGED,[]
Clowne,primary,POINT (53.2789 -1.2406),NGED,"['11', '33']"
Usk,primary,POINT (51.715653 -2.919184),NGED,[]
Eyam,primary,POINT (53.280073 -1.673102),NGED,"['11', '33']"
Courthouse Green,primary,POINT (52.430215 -1.484324),NGED,"['6.6', '33']"
Gnosall,primary,POINT (52.782226 -2.257618),NGED,"['11', '33']"
Astrazeneca,primary,POINT (52.788814 -1.217085),NGED,"['11', '33']"
Corby Central,primary,POINT (52.498409 -0.673069),NGED,"['11', '33']"
Calverton,primary,POINT (53.04714 -1.102863),NGED,"['11', '33']"
Burton,primary,POINT (52.815675 -1.623803),NGED,['11']
Woodhall Spa,primary,POINT (53.141983 -0.240344),NGED,"['11', '33']"
Mount Bridge Boston,primary,POINT (52.969283 -0.014575),NGED,"['11', '33']"
Hawkesmill Lane,primary,POINT (52.442938 -1.560471),NGED,"['6.6', '33']"
Eagle Centre,primary,POINT (52.919579 -1.471527),NGED,"['11', '33']"
Bugbrooke,primary,POINT (52.214637 -0.998841),NGED,"['11', '33']"
Shenley Wood,primary,POINT (52.019054 -0.794746),NGED,"['11', '33']"
Leadenham,primary,POINT (53.045958 -0.577),NGED,"['11', '33']"
Bevercotes,primary,POINT (53.261828 -0.959912),NGED,"['11', '33']"
Millclose,primary,POINT (53.157619 -1.616097),NGED,"['11', '33']"
Matlock,primary,POINT (53.138783 -1.55091),NGED,"['11', '33']"
Staveley Works,primary,POINT (53.269503 -1.360421),NGED,['33']
Hereford Central,primary,POINT (52.059392 -2.715957),NGED,"['66', '11']"
Roade,primary,POINT (52.152733 -0.890972),NGED,"['11', '33']"
Spring Gardens,primary,POINT (52.720124 -2.739228),NGED,"['11', '33']"
Craven Arms,primary,POINT (52.441146 -2.831467),NGED,"['11', '33']"
Droitwich,primary,POINT (52.27405 -2.170519),NGED,"['66', '11']"
Tewkesbury,primary,POINT (51.986203 -2.16284),NGED,"['66', '11']"
Strensham,primary,POINT (52.06793 -2.140205),NGED,"['66', '11']"
Melbourne,primary,POINT (52.809247 -1.433671),NGED,"['11', '33']"
Market Drayton,primary,POINT (52.901897 -2.48185),NGED,"['11', '33']"
Redditch North,primary,POINT (52.313261 -1.950727),NGED,"['66', '11']"
Moreton,primary,POINT (51.994335 -1.701678),NGED,"['66', '11']"
Danesmoor,primary,POINT (53.163458 -1.39441),NGED,"['11', '33']"
Fernwood,primary,POINT (53.042251 -0.777191),NGED,"['11', '33']"
Roushill,primary,POINT (52.709543 -2.75351),NGED,"['11', '33']"
Star Aluminium,primary,POINT (52.525413 -2.403947),NGED,"['11', '33']"
Bishops Cleeve,primary,POINT (51.947296 -2.078839),NGED,"['66', '11']"
Cleobury Mortimer,primary,POINT (52.376419 -2.485479),NGED,"['11', '33']"
Wellesbourne,primary,POINT (52.197368 -1.60335),NGED,[]
Holbeach,primary,POINT (52.816871 0.029536),NGED,"['11', '33']"
Cauldon Cement,primary,POINT (53.043896 -1.876444),NGED,['33']
Almondsbury,primary,POINT (51.550046 -2.569333),NGED,[]
Strand Swansea,primary,POINT (51.62272 -3.940071),NGED,[]
Ravenhill,primary,POINT (51.646027 -3.971984),NGED,[]
Aberpergwm,primary,POINT (51.739516 -3.639418),NGED,[]
Abercrave,primary,POINT (51.7949 -3.690615),NGED,[]
Tregaron,primary,POINT (52.214512 -3.936894),NGED,[]
Pont Ar Annell,primary,POINT (52.029989 -3.95232),NGED,[]
Jersey Marine,primary,POINT (51.624284 -3.872047),NGED,[]
Llandeilo,primary,POINT (51.897689 -3.987784),NGED,[]
Llanfihangel Ystrad,primary,POINT (52.176462 -4.158901),NGED,[]
New Lodge,primary,POINT (51.688082 -4.228087),NGED,[]
Campion Hills,primary,POINT (52.296466 -1.515967),NGED,"['11', '33']"
Kidwelly,primary,POINT (51.743992 -4.288783),NGED,[]
Cwmffrwd,primary,POINT (51.834583 -4.298557),NGED,[]
Street Clears,primary,POINT (51.8447 -4.4998),NGED,[]
Tumble,primary,POINT (51.789998 -4.119059),NGED,[]
Daneshill Generation,primary,POINT (53.374216 -0.985721),NGED,['33']
Nailstone,primary,POINT (52.676302 -1.361661),NGED,"['11', '33']"
Blaenavon,primary,POINT (51.770273 -3.097668),NGED,[]
Sanatorium,primary,POINT (51.478799 -3.211069),NGED,[]
Court Road Barry,primary,POINT (51.410755 -3.261479),NGED,[]
Ely,primary,POINT (51.483572 -3.223336),NGED,[]
Ynysfeio,primary,POINT (51.669809 -3.525404),NGED,[]
Nelson,primary,POINT (51.645942 -3.294201),NGED,[]
Gas Yard,primary,POINT (51.604007 -3.338869),NGED,[]
Bishampton Solar,primary,POINT (52.161 -2.0022),NGED,[]
Wattstown,primary,POINT (51.633811 -3.413598),NGED,[]
Cowbridge,primary,POINT (51.463612 -3.44589),NGED,[]
Middle Fan,primary,POINT (51.668371 -3.45593),NGED,[]
Boverton,primary,POINT (51.406833 -3.46276),NGED,[]
Bridgend Trading Estate,primary,POINT (51.50373 -3.566015),NGED,[]
Monmouth,primary,POINT (51.805404 -2.729561),NGED,[]
Crickhowell,primary,POINT (51.867252 -3.128306),NGED,[]
Glasbury,primary,POINT (52.034842 -3.19805),NGED,[]
Cardigan,primary,POINT (52.083839 -4.651949),NGED,[]
Birchgrove,primary,POINT (51.526388 -3.199257),NGED,[]
Bridell,primary,POINT (52.050311 -4.659662),NGED,[]
Haverfordwest Power S,primary,POINT (51.80257 -4.964001),NGED,[]
East Chinnock,primary,POINT (50.915866 -2.725545),NGED,[]
Axminster,primary,POINT (50.780502 -2.994821),NGED,[]
Holford,primary,POINT (51.169122 -3.196658),NGED,[]
Bowhays Cross,primary,POINT (51.159011 -3.339558),NGED,[]
Wellington,primary,POINT (50.991734 -3.247432),NGED,[]
Watchfield,primary,POINT (51.219377 -2.932073),NGED,[]
Martock,primary,POINT (50.968257 -2.77303),NGED,[]
Nether Stowey,primary,POINT (51.148464 -3.125267),NGED,[]
Bridgwater Local,primary,POINT (51.129692 -3.007552),NGED,[]
Creech Street Michael,primary,POINT (51.015949 -3.025869),NGED,[]
Royal Portbury Dock,primary,POINT (51.49079 -2.72297),NGED,[]
East Brent,primary,POINT (51.27737 -2.929346),NGED,[]
Easton-In-Gordano,primary,POINT (51.47134 -2.691896),NGED,[]
Cheddar,primary,POINT (51.274827 -2.782796),NGED,[]
Colley Lane,primary,POINT (51.11954 -2.988471),NGED,[]
Colyford,primary,POINT (50.729639 -3.056058),NGED,[]
Waterlake,primary,POINT (50.847643 -2.950509),NGED,[]
Bridport,primary,POINT (50.737413 -2.761258),NGED,[]
Steynton,primary,POINT (51.728924 -5.018892),NGED,[]
Bristol International Airport,primary,POINT (51.380266 -2.706514),NGED,[]
Cribbs Causeway,primary,POINT (51.528852 -2.594843),NGED,[]
Meb Source Dummy,primary,POINT (51.3744 -2.3606),NGED,[]
Abbeywood,primary,POINT (51.505353 -2.561139),NGED,[]
Coventry South,primary,POINT (52.405763 -1.539012),NGED,['11']
Oakham,primary,POINT (52.668153 -0.70937),NGED,['11']
Ravensdale Park,primary,POINT (53.000525 -1.599699),NGED,"['11', '33']"
Croome Airfield Pv,primary,POINT (52.0841 -2.1531),NGED,[]
Hayfield,primary,POINT (52.3825 -0.676),NGED,"['11', '33']"
Beaminster,primary,POINT (50.812047 -2.76081),NGED,[]
Coker,primary,POINT (50.914213 -2.664922),NGED,[]
Montacute,primary,POINT (50.954996 -2.696939),NGED,[]
Crewkerne,primary,POINT (50.882003 -2.784921),NGED,[]
Chard,primary,POINT (50.872815 -2.957986),NGED,[]
Penblewin,primary,POINT (51.824102 -4.730865),NGED,[]
Crwys Road,primary,POINT (51.496873 -3.18105),NGED,[]
Caerphilly,primary,POINT (51.577881 -3.216212),NGED,[]
Worksop West,primary,POINT (53.314775 -1.138255),NGED,"['11', '33']"
Wern,primary,POINT (51.633963 -3.827274),NGED,[]
Upper Bank,primary,POINT (51.640913 -3.927464),NGED,[]
Garngoch,primary,POINT (51.662986 -4.018095),NGED,[]
Dowsby Fen,primary,POINT (52.848831 -0.276221),NGED,"['11', '33']"
Pantyffynon,primary,POINT (51.779637 -3.998522),NGED,[]
Leebotwood,primary,POINT (52.578433 -2.766371),NGED,"['11', '33']"
Cefn Gwrgan,primary,POINT (51.566515 -3.757604),NGED,[]
Westfa,primary,POINT (51.700541 -4.128479),NGED,[]
Newcastle Emlyn South,primary,POINT (52.035768 -4.47191),NGED,[]
Pendine,primary,POINT (51.747582 -4.518957),NGED,[]
Whitland,primary,POINT (51.830368 -4.596832),NGED,[]
Broadfield,primary,POINT (51.701474 -4.704941),NGED,[]
Street Florence,primary,POINT (51.6802 -4.782),NGED,[]
Neyland,primary,POINT (51.717362 -4.96472),NGED,[]
Meinciau,primary,POINT (51.769805 -4.242402),NGED,[]
Nottage,primary,POINT (51.491169 -3.702054),NGED,[]
Builth Wells,primary,POINT (52.15558 -3.371616),NGED,[]
Abersychan,primary,POINT (51.721522 -3.066374),NGED,[]
Mortonhampstead,primary,POINT (50.658061 -3.765568),NGED,[]
Caerau,primary,POINT (51.643175 -3.645219),NGED,[]
Broadweir,primary,POINT (51.459505 -2.583146),NGED,[]
Astra Zeneca,primary,POINT (51.547046 -2.659615),NGED,[]
Coventry West,primary,POINT (52.401957 -1.605252),NGED,['6.6']
Frys Hill Radio Station,primary,POINT (51.2975 -2.811),NGED,[]
Swansea Waterfront,primary,POINT (51.621483 -3.919619),NGED,[]
Dairy Crest Davidstow,primary,POINT (50.650603 -4.634698),NGED,[]
Brawdy,primary,POINT (51.887338 -5.096538),NGED,[]
Highfields,primary,POINT (52.629428 -1.1214),NGED,"['11', '33']"
Burnham,primary,POINT (51.238377 -2.987922),NGED,[]
Tonypandy,primary,POINT (51.628599 -3.454555),NGED,[]
Abertysswg,primary,POINT (51.743318 -3.265624),NGED,[]
Lincoln No 5,primary,POINT (53.229167 -0.517795),NGED,['11']
Ship Hill Barry,primary,POINT (51.395248 -3.285862),NGED,[]
Milford Haven,primary,POINT (51.7147 -5.041),NGED,[]
Maerdy,primary,POINT (51.681375 -3.488068),NGED,[]
Merlins Bridge,primary,POINT (51.791859 -4.976786),NGED,[]
Cwmfelinfach,primary,POINT (51.617974 -3.181072),NGED,[]
Ironbridge,primary,POINT (51.527634 -3.252137),NGED,[]
Swansea Road Merthyr,primary,POINT (51.752289 -3.399114),NGED,[]
Ynys Street,primary,POINT (51.597248 -3.775121),NGED,[]
Trethomas,primary,POINT (51.595637 -3.169564),NGED,[]
Lime Street Gorseinon,primary,POINT (51.668616 -4.037854),NGED,[]
Mountain Ash,primary,POINT (51.67907 -3.373887),NGED,[]
Llanishen,primary,POINT (51.532139 -3.204901),NGED,[]
Highgrounds Generation,primary,POINT (53.3093 -1.1476),NGED,['33']
Pontllanffraith,primary,POINT (51.661973 -3.187031),NGED,[]
Lypstone Farm,primary,POINT (51.351215 -2.916451),NGED,[]
Canton,primary,POINT (51.484988 -3.203815),NGED,[]
Park Lane,primary,POINT (51.483961 -3.173804),NGED,[]
Llangadog,primary,POINT (51.9427 -3.9018),NGED,[]
Tenbury,primary,POINT (52.317047 -2.593798),NGED,"['11', '33']"
Creigiau,primary,POINT (51.525961 -3.319439),NGED,[]
Lower Chadnor,primary,POINT (52.16934 -2.8424),NGED,"['66', '11']"
Rhayader,primary,POINT (52.302057 -3.502018),NGED,[]
Sketty Park,primary,POINT (51.616445 -3.992585),NGED,[]
Gwaun Cae Gurwen,primary,POINT (51.789423 -3.867729),NGED,[]
Maesarddafen,primary,POINT (51.677891 -4.126853),NGED,[]
Street Davids,primary,POINT (51.88195 -5.253417),NGED,[]
Sandon Street,primary,POINT (51.480491 -3.169279),NGED,[]
Cross Hands,primary,POINT (51.786161 -4.074584),NGED,[]
Caldicot,primary,POINT (51.589674 -2.753828),NGED,[]
Prince Rock,primary,POINT (50.367707 -4.112772),NGED,[]
Lower Strensham Pv,primary,POINT (52.066012 -2.142446),NGED,[]
Cyncoed,primary,POINT (51.518286 -3.161816),NGED,[]
Heath,primary,POINT (51.507443 -3.198327),NGED,[]
Nailsea,primary,POINT (51.426386 -2.755236),NGED,[]
Winscombe,primary,POINT (51.31841 -2.836258),NGED,[]
Clevedon,primary,POINT (51.432374 -2.841215),NGED,[]
Twelveheads,primary,POINT (50.237478 -5.134022),NGED,[]
Street Agnes,primary,POINT (50.297526 -5.199622),NGED,[]
Penzance Causewayhead,primary,POINT (50.120133 -5.539182),NGED,[]
Probus,primary,POINT (50.298071 -4.951801),NGED,['33']
Mousehole,primary,POINT (50.08399 -5.54891),NGED,[]
Street Keverne,primary,POINT (50.053248 -5.127737),NGED,[]
Newlyn,primary,POINT (50.110411 -5.560724),NGED,[]
Devoran,primary,POINT (50.218693 -5.099884),NGED,[]
Penryn,primary,POINT (50.178109 -5.110801),NGED,[]
Falmouth Bickland Hl,primary,POINT (50.158267 -5.099934),NGED,[]
Redruth,primary,POINT (50.247096 -5.230457),NGED,[]
Marazion,primary,POINT (50.136541 -5.463953),NGED,[]
Wheal Reeth,primary,POINT (50.12644 -5.372082),NGED,[]
Helston,primary,POINT (50.11104 -5.268708),NGED,[]
Falmouth Docks,primary,POINT (50.151065 -5.056738),NGED,[]
Isles Of Scilly,primary,POINT (49.914018 -6.309752),NGED,[]
Street Austell,primary,POINT (50.35051 -4.788486),NGED,[]
Newquay Trevemper,primary,POINT (50.397818 -5.070004),NGED,[]
Torpoint Antony,primary,POINT (50.365764 -4.258662),NGED,[]
Trebal,primary,POINT (50.374905 -4.761335),NGED,[]
Par Harbour,primary,POINT (50.343821 -4.709631),NGED,[]
Newquay Trencreek Lane,primary,POINT (50.412853 -5.057265),NGED,[]
Street Columb Major,primary,POINT (50.438492 -4.918222),NGED,[]
Lanreath,primary,POINT (50.37871 -4.584528),NGED,[]
Street Tudy,primary,POINT (50.5354 -4.7226),NGED,[]
Padstow,primary,POINT (50.514018 -4.951659),NGED,[]
Delabole,primary,POINT (50.627095 -4.712854),NGED,[]
Davidstow,primary,POINT (50.655347 -4.617772),NGED,[]
Lostwithiel,primary,POINT (50.412279 -4.659116),NGED,[]
Fraddon,primary,POINT (50.375687 -4.935688),NGED,[]
Drinnick,primary,POINT (50.363175 -4.873406),NGED,[]
Bugle,primary,POINT (50.400311 -4.794308),NGED,[]
Bodmin,primary,POINT (50.474138 -4.733584),NGED,[]
Lanner,primary,POINT (50.209871 -5.196638),NGED,[]
Camborne Carn Brea,primary,POINT (50.228558 -5.28039),NGED,[]
Buckfastleigh,primary,POINT (50.481149 -3.768296),NGED,[]
Temp Gas Lane,primary,POINT (51.4846 -2.7666),NGED,"['11', '33']"
Torycombe,primary,POINT (50.433688 -4.024303),NGED,[]
Eggbuckland,primary,POINT (50.401729 -4.110935),NGED,[]
Longbridge,primary,POINT (50.39338 -4.083649),NGED,[]
Southway,primary,POINT (50.43416 -4.119489),NGED,[]
Merrivale,primary,POINT (50.414408 -4.154783),NGED,[]
Yelverton,primary,POINT (50.495109 -4.080918),NGED,[]
Street Levan Road,primary,POINT (50.385085 -4.170335),NGED,[]
Longton,primary,POINT (52.974659 -2.133239),NGED,"['132', '33']"
Stentaway,primary,POINT (50.365253 -4.084779),NGED,[]
Ivybridge,primary,POINT (50.387471 -3.925012),NGED,[]
Buckwell Street,primary,POINT (50.370299 -4.137258),NGED,[]
Armada Street,primary,POINT (50.376708 -4.134536),NGED,[]
Newport Street,primary,POINT (50.368758 -4.163655),NGED,[]
Adelaide Road,primary,POINT (50.369683 -4.148214),NGED,[]
Linketty Lane,primary,POINT (50.388759 -4.064904),NGED,[]
Launceston,primary,POINT (50.629503 -4.355461),NGED,[]
Ernesettle B & S,primary,POINT (50.424402 -4.187),NGED,[]
Lifton,primary,POINT (50.643769 -4.269834),NGED,[]
Alcombe,primary,POINT (51.199602 -3.464931),NGED,[]
Tinkers Cross,primary,POINT (50.881401 -3.92611),NGED,[]
Manweb Source (Rhydlydian),primary,POINT (52.3558 -4.0212),NGED,[]
Anderson Lane,primary,POINT (53.242548 -0.539272),NGED,"['11', '33']"
Midsomer Norton,primary,POINT (51.29056 -2.484346),NGED,[]
Northampton Gateway,primary,POINT (52.184 -0.9083),NGED,[]
Welsh Road Bascote,primary,POINT (52.270239 -1.436443),NGED,[]
Torpoint Town,primary,POINT (50.37725 -4.214254),NGED,[]
Saltash Dunheved Road,primary,POINT (50.408649 -4.217097),NGED,[]
Stokenham,primary,POINT (50.276274 -3.68113),NGED,[]
Modbury,primary,POINT (50.35141 -3.894005),NGED,[]
Dartmouth,primary,POINT (50.348715 -3.601853),NGED,[]
South Brent,primary,POINT (50.42852 -3.825174),NGED,[]
North Intake,primary,POINT (50.386743 -4.181186),NGED,[]
Saltash Whity Cross,primary,POINT (50.422158 -4.261077),NGED,[]
Looe,primary,POINT (50.346465 -4.482129),NGED,[]
Bedminster,primary,POINT (51.441814 -2.596575),NGED,[]
Exeter Msa,primary,POINT (50.7154 -3.4655),NGED,[]
Adstock Solar Farm,primary,POINT (51.9647 -0.8968),NGED,[]
Stancombe Quarry,primary,POINT (51.416477 -2.716592),NGED,[]
Paignton,primary,POINT (50.421808 -3.590058),NGED,"['11', '33']"
Okehampton,primary,POINT (50.737668 -4.000735),NGED,[]
Eastville,primary,POINT (51.468375 -2.550594),NGED,[]
Morwenstow,primary,POINT (50.903258 -4.503601),NGED,[]
Whiddon Down,primary,POINT (50.718037 -3.867312),NGED,[]
Park Lane,primary,POINT (51.024066 -4.206554),NGED,[]
East Curry,primary,POINT (50.712515 -4.421555),NGED,[]
Shebbear,primary,POINT (50.871417 -4.198411),NGED,[]
Stratton,primary,POINT (50.827467 -4.505975),NGED,[]
Clovelly,primary,POINT (50.983801 -4.404275),NGED,[]
Ashwater,primary,POINT (50.743132 -4.288869),NGED,[]
Cairns Road,primary,POINT (51.478392 -2.603618),NGED,[]
Street Pauls,primary,POINT (51.4594 -2.582612),NGED,['11']
Whitchurch,primary,POINT (51.41153 -2.560076),NGED,[]
Weston Locking Road,primary,POINT (51.346487 -2.955685),NGED,[]
Axbridge,primary,POINT (51.285562 -2.815901),NGED,[]
Combe Park,primary,POINT (51.39326 -2.388673),NGED,[]
Foxhills,primary,POINT (51.289068 -2.44805),NGED,[]
Evercreech,primary,POINT (51.147109 -2.510134),NGED,[]
High Littleton,primary,POINT (51.330408 -2.500052),NGED,[]
Wells,primary,POINT (51.207016 -2.64952),NGED,[]
Batheaston,primary,POINT (51.397238 -2.33847),NGED,[]
Oldfield Park,primary,POINT (51.374707 -2.378819),NGED,[]
Hewlett Packard,primary,POINT (51.501699 -2.556124),NGED,[]
Feeder Road B,primary,POINT (51.45035 -2.566998),NGED,[]
Bower Ashton,primary,POINT (51.440514 -2.626858),NGED,[]
Avonmouth,primary,POINT (51.50494 -2.696727),NGED,[]
Avonmouth Docks,primary,POINT (51.504143 -2.700807),NGED,[]
Stoke Bishop,primary,POINT (51.483375 -2.63227),NGED,[]
Bovey Tracey,primary,POINT (50.592563 -3.6797),NGED,[]
Colley End,primary,POINT (50.438902 -3.57045),NGED,[]
Hollicombe,primary,POINT (50.453742 -3.557052),NGED,[]
Churston,primary,POINT (50.402896 -3.565376),NGED,[]
Marsh Barton,primary,POINT (50.706249 -3.528793),NGED,[]
Athelstan Road,primary,POINT (50.723713 -3.522065),NGED,[]
Street Thomas,primary,POINT (50.719492 -3.546224),NGED,[]
Folly Bridge,primary,POINT (50.776804 -3.679031),NGED,[]
Crediton,primary,POINT (50.790708 -3.668945),NGED,[]
Witheridge,primary,POINT (50.903706 -3.704558),NGED,[]
Rock Park,primary,POINT (51.068221 -4.052813),NGED,[]
Bratton Fleming,primary,POINT (51.124743 -3.936347),NGED,[]
Middle Barlington,primary,POINT (50.929466 -4.056587),NGED,[]
Great Torrington,primary,POINT (50.957132 -4.132225),NGED,[]
South Molton,primary,POINT (51.026804 -3.827674),NGED,[]
Roundswell,primary,POINT (51.063594 -4.08101),NGED,[]
Braunton,primary,POINT (51.115355 -4.149362),NGED,[]
Laneast,primary,POINT (50.618226 -4.482249),NGED,[]
Pensilva,primary,POINT (50.507413 -4.412128),NGED,[]
Tiverton South,primary,POINT (50.898919 -3.486346),NGED,[]
Liskeard,primary,POINT (50.448696 -4.451772),NGED,[]
Heavitree,primary,POINT (50.720724 -3.490305),NGED,[]
Burlescombe,primary,POINT (50.946799 -3.327212),NGED,[]
Marldon,primary,POINT (50.453513 -3.595178),NGED,[]
Bradley Lane,primary,POINT (50.529451 -3.618338),NGED,[]
Newton Abbot Main,primary,POINT (50.533809 -3.599113),NGED,[]
Teignmouth Gasworks,primary,POINT (50.547127 -3.515848),NGED,[]
Hemyock,primary,POINT (50.918706 -3.251467),NGED,[]
Countess Wear,primary,POINT (50.701751 -3.493527),NGED,[]
Sidmouth Town,primary,POINT (50.688732 -3.238541),NGED,[]
Newton Poppleford,primary,POINT (50.700158 -3.291136),NGED,[]
Honiton Heathfield,primary,POINT (50.791225 -3.206034),NGED,[]
Offwell,primary,POINT (50.794947 -3.152723),NGED,[]
East Budleigh,primary,POINT (50.656483 -3.328292),NGED,[]
Budleigh Salterton,primary,POINT (50.630549 -3.33282),NGED,[]
Marsh Green,primary,POINT (50.739126 -3.351419),NGED,[]
Woodbury,primary,POINT (50.667051 -3.415333),NGED,[]
Clyst Honiton,primary,POINT (50.729135 -3.434121),NGED,[]
Exminster,primary,POINT (50.675871 -3.494007),NGED,[]
Lockleaze,primary,POINT (51.484894 -2.56914),NGED,[]
Bilborough,primary,POINT (52.961875 -1.213368),NGED,"['11', '33']"
Chilwell,primary,POINT (52.915621 -1.229271),NGED,"['11', '33']"
Sheepbridge,primary,POINT (53.270139 -1.442386),NGED,"['6.6', '11']"
Woofferton,primary,POINT (52.307294 -2.72702),NGED,"['66', '11']"
Rogerstone,primary,POINT (51.599561 -3.077173),NGED,[]
North Tawton,primary,POINT (50.795948 -3.913924),NGED,[]
Dorchester Street - New,primary,POINT (51.377792 -2.35837),NGED,[]
Madley,primary,POINT (52.036368 -2.848513),NGED,"['66', '11']"
Pinxton,primary,POINT (53.105535 -1.302972),NGED,['11']
Bromyard,primary,POINT (52.186274 -2.500284),NGED,"['66', '11']"
Churchover,primary,POINT (52.415349 -1.27288),NGED,"['11', '33']"
Fen Farm,primary,POINT (52.034471 -0.677196),NGED,"['11', '33']"
Cherington,primary,POINT (51.675074 -2.146463),NGED,"['11', '33']"
Hanslope Park,primary,POINT (52.106604 -0.805733),NGED,"['11', '33']"
Great Alne,primary,POINT (52.234258 -1.811182),NGED,"['66', '11']"
Cinderhill,primary,POINT (52.988092 -1.201824),NGED,"['11', '33']"
Boots,primary,POINT (52.924092 -1.187873),NGED,"['11', '33']"
North Wilford,primary,POINT (52.934899 -1.163538),NGED,"['11', '33']"
Ratcliffe On Soar,primary,POINT (52.861348 -1.261439),NGED,"['11', '33']"
Holme Carr,primary,POINT (53.313302 -1.164957),NGED,"['11', '33']"
Mansfield,primary,POINT (53.156016 -1.199686),NGED,['11']
Acreage Lane,primary,POINT (53.195276 -1.20837),NGED,"['11', '33']"
Shirebrook,primary,POINT (53.196237 -1.244202),NGED,"['11', '33']"
Craggs Lane,primary,POINT (53.274231 -1.199669),NGED,"['11', '33']"
Teversal,primary,POINT (53.148715 -1.291687),NGED,"['11', '33']"
Westwood,primary,POINT (53.056784 -1.314875),NGED,"['11', '33']"
Langage Energy Centre,primary,POINT (50.388799 -4.010784),NGED,[]
Huthwaite,primary,POINT (53.127487 -1.290901),NGED,"['11', '33']"
Bingham,primary,POINT (52.948942 -0.945523),NGED,"['11', '33']"
Gedling,primary,POINT (52.985119 -1.090741),NGED,"['11', '33']"
Willoughby,primary,POINT (52.825718 -1.071291),NGED,['11']
West Bridgford,primary,POINT (52.925129 -1.139748),NGED,"['11', '33']"
Marlborough Road,primary,POINT (52.990091 -1.134153),NGED,"['11', '33']"
Castle Road,primary,POINT (52.94936 -1.151725),NGED,"['11', '33']"
Talbot Street,primary,POINT (52.955923 -1.154291),NGED,"['11', '33']"
Blackwell,primary,POINT (53.115683 -1.343985),NGED,"['11', '33']"
Kilton Road,primary,POINT (53.308482 -1.111097),NGED,"['11', '33']"
Pontrilas,primary,POINT (51.942694 -2.872668),NGED,"['66', '11']"
Beevor Street,primary,POINT (53.225298 -0.552637),NGED,"['11', '33']"
Southam,primary,POINT (52.273194 -1.390519),NGED,"['11', '33']"
Lockheed,primary,POINT (52.272065 -1.540267),NGED,"['11', '33']"
Lawford,primary,POINT (52.375426 -1.288167),NGED,"['11', '33']"
Coventry North,primary,POINT (52.45373 -1.467524),NGED,['11']
Whitley,primary,POINT (52.393395 -1.483107),NGED,['11']
Spon Street,primary,POINT (52.408788 -1.517532),NGED,"['6.6', '33']"
Sandy Lane,primary,POINT (52.418006 -1.511697),NGED,"['6.6', '33']"
Courthouse Green,primary,POINT (52.43026 -1.484309),NGED,"['6.6', '33']"
Courthouse Green,primary,POINT (52.430394 -1.484263),NGED,"['11', '33']"
Cox Street,primary,POINT (52.409686 -1.502087),NGED,"['6.6', '33']"
Torrington Avenue,primary,POINT (52.399349 -1.571589),NGED,"['11', '33']"
Jaguar Browns Lane,primary,POINT (52.438137 -1.555709),NGED,"['11', '33']"
London Road,primary,POINT (52.403516 -1.501451),NGED,"['6.6', '33']"
Oxbridge,primary,POINT (51.532114 -2.459112),NGED,"['11', '33']"
Rugby,primary,POINT (52.387759 -1.261476),NGED,['11']
Union Street,primary,POINT (52.369228 -1.265545),NGED,"['11', '33']"
Hillmorton,primary,POINT (52.366961 -1.220332),NGED,"['11', '33']"
Apollo,primary,POINT (52.638381 -1.710043),NGED,"['11', '33']"
Interlink Park,primary,POINT (52.698945 -1.34643),NGED,"['11', '33']"
Peterchurch,primary,POINT (52.042284 -2.95423),NGED,"['66', '11']"
Dudbridge,primary,POINT (51.740353 -2.238161),NGED,"['11', '33']"
Pershore,primary,POINT (52.134584 -2.097768),NGED,"['66', '11']"
Shipston,primary,POINT (52.079726 -1.642726),NGED,"['66', '11']"
Coventry Arena,primary,POINT (52.449807 -1.493248),NGED,"['11', '33']"
Wormington,primary,POINT (52.02838 -1.929614),NGED,"['66', '11']"
Kettering North,primary,POINT (52.425186 -0.735126),NGED,"['11', '33']"
Alveston,primary,POINT (51.594473 -2.520777),NGED,"['11', '33']"
Commercial Road,primary,POINT (51.864683 -2.249927),NGED,"['132', '11', '33']"
Brockworth,primary,POINT (51.845203 -2.166584),NGED,"['11', '33']"
Broadway,primary,POINT (52.054907 -1.855457),NGED,"['66', '11']"
Alderton,primary,POINT (51.991566 -1.998105),NGED,"['66', '11']"
Nuneaton,primary,POINT (52.512095 -1.488155),NGED,['11']
Tamworth Town,primary,POINT (52.632427 -1.687683),NGED,['11']
Coton Road,primary,POINT (52.521449 -1.46675),NGED,"['6.6', '33']"
Epwell,primary,POINT (52.070394 -1.474574),NGED,"['66', '11']"
Budby,primary,POINT (53.225758 -1.097127),NGED,"['11', '33']"
Misson,primary,POINT (53.448278 -0.969127),NGED,"['11', '33']"
Heath Hospital,primary,POINT (51.506596 -3.194097),NGED,[]
Ashbourne,primary,POINT (53.014045 -1.711573),NGED,"['11', '33']"
Wellington Street,primary,POINT (52.802378 -1.652856),NGED,"['11', '33']"
Church Street,primary,POINT (52.899539 -1.860873),NGED,"['11', '33']"
Bolsover,primary,POINT (53.235297 -1.325558),NGED,['33']
Grassmoor,primary,POINT (53.199764 -1.383929),NGED,"['11', '33']"
Queens Park,primary,POINT (53.233385 -1.431253),NGED,"['11', '33']"
Ambergate,primary,POINT (53.06288 -1.4824),NGED,"['11', '33']"
Cromford,primary,POINT (53.102142 -1.564972),NGED,"['11', '33']"
Sheffield Road,primary,POINT (53.24819 -1.425631),NGED,"['6.6', '11', '33']"
Robin Hood,primary,POINT (53.243638 -1.580128),NGED,"['11', '33']"
Longcliffe,primary,POINT (53.094817 -1.659185),NGED,"['11', '33']"
Hindlow,primary,POINT (53.211641 -1.85455),NGED,"['11', '33']"
Berkeley,primary,POINT (51.701935 -2.467934),NGED,"['11', '33']"
Eccleshall,primary,POINT (52.852727 -2.255065),NGED,"['11', '33']"
Broseley,primary,POINT (52.610541 -2.484551),NGED,"['11', '33']"
Derby,primary,POINT (52.925659 -1.476302),NGED,['11']
Woodville,primary,POINT (52.773753 -1.531786),NGED,"['11', '33']"
Mackworth,primary,POINT (52.920702 -1.52009),NGED,"['11', '33']"
Darley Abbey,primary,POINT (52.943957 -1.48571),NGED,"['11', '33']"
Callywith,primary,POINT (50.480167 -4.699184),NGED,[]
Great Hale,primary,POINT (52.968716 -0.29476),NGED,"['11', '33']"
Langrick,primary,POINT (53.012112 -0.12462),NGED,"['11', '33']"
Alford,primary,POINT (53.254651 0.188694),NGED,"['11', '33']"
Trusthorpe,primary,POINT (53.325967 0.2642),NGED,"['11', '33']"
Scot Hay,primary,POINT (53.021381 -2.291481),NGED,"['11', '33']"
Bixhead,primary,POINT (51.795765 -2.591941),NGED,"['11', '33']"
Mitcheldean,primary,POINT (51.858209 -2.49877),NGED,"['11', '33']"
Stowfield,primary,POINT (51.854668 -2.59871),NGED,"['11', '33']"
Four Ashes,primary,POINT (52.676344 -2.116917),NGED,"['11', '33']"
Albrighton,primary,POINT (52.637276 -2.249642),NGED,"['11', '33']"
Sandiacre,primary,POINT (52.9224 -1.2966),NGED,"['11', '33']"
Long Eaton,primary,POINT (52.898 -1.2749),NGED,"['11', '33']"
Spondon,primary,POINT (52.906763 -1.398351),NGED,['11']
Allenton,primary,POINT (52.893957 -1.45308),NGED,"['11', '33']"
Sinfin Lane,primary,POINT (52.887823 -1.474395),NGED,"['11', '33']"
Ross,primary,POINT (51.921993 -2.589573),NGED,"['66', '11']"
Sowton B,primary,POINT (50.7263 -3.4669),NGED,[]
Weir Hill,primary,POINT (52.704491 -2.718821),NGED,"['11', '33']"
Berrington,primary,POINT (52.665791 -2.685181),NGED,"['11', '33']"
Donnington,primary,POINT (52.726463 -2.433788),NGED,"['11', '33']"
Bearstone,primary,POINT (52.947385 -2.411857),NGED,"['11', '33']"
Bishops Castle,primary,POINT (52.491545 -2.994519),NGED,"['11', '33']"
Quatt,primary,POINT (52.480906 -2.372912),NGED,"['11', '33']"
Knighton,primary,POINT (52.336835 -3.041885),NGED,"['66', '11']"
Newport,primary,POINT (52.764849 -2.394867),NGED,"['11', '33']"
Redditch South,primary,POINT (52.288321 -1.94772),NGED,"['66', '11']"
Snedshill,primary,POINT (52.688657 -2.44226),NGED,"['11', '33']"
Naishcombe Hill,primary,POINT (51.463369 -2.427214),NGED,"['11', '33']"
Cowhorn,primary,POINT (51.446452 -2.477116),NGED,"['11', '33']"
Kington,primary,POINT (52.212426 -3.007269),NGED,"['66', '11']"
Woodbeck,primary,POINT (53.297924 -0.834047),NGED,"['11', '33']"
Carlton On Trent,primary,POINT (53.168942 -0.813715),NGED,"['11', '33']"
North Wheatley,primary,POINT (53.372126 -0.882525),NGED,"['11', '33']"
Ordsall Road,primary,POINT (53.312951 -0.949814),NGED,"['11', '33']"
Hallcroft Road,primary,POINT (53.335335 -0.956128),NGED,"['11', '33']"
Halesfield,primary,POINT (52.640712 -2.433279),NGED,"['11', '33']"
Uppingham,primary,POINT (52.595472 -0.718992),NGED,"['11', '33']"
Sankey,primary,POINT (52.709985 -2.48022),NGED,"['11', '33']"
Wigston Magna,primary,POINT (52.584908 -1.102011),NGED,"['11', '33']"
Hamilton,primary,POINT (52.658985 -1.078465),NGED,"['11', '33']"
Thurnby,primary,POINT (52.634768 -1.052523),NGED,"['11', '33']"
Dothill,primary,POINT (52.716658 -2.534372),NGED,"['11', '33']"
Wigston,primary,POINT (52.577081 -1.143712),NGED,['11']
Salutation,primary,POINT (52.646718 -1.098913),NGED,"['6.6', '33']"
Leicester,primary,POINT (52.623572 -1.14183),NGED,['11']
Birstall,primary,POINT (52.669592 -1.129512),NGED,"['11', '33']"
Hortonwood,primary,POINT (52.719002 -2.489113),NGED,"['132', '11']"
Groby Road,primary,POINT (52.650665 -1.172947),NGED,"['11', '33']"
Loughborough,primary,POINT (52.786651 -1.209473),NGED,['11']
Shepshed,primary,POINT (52.770059 -1.284966),NGED,"['11', '33']"
Desford,primary,POINT (52.639535 -1.271475),NGED,"['11', '33']"
British Gypsum,primary,POINT (52.741987 -1.119598),NGED,"['11', '33']"
Leaton,primary,POINT (52.702506 -2.575222),NGED,"['11', '33']"
Sapcote,primary,POINT (52.536342 -1.254755),NGED,"['11', '33']"
Bayston Hill,primary,POINT (52.676274 -2.761663),NGED,"['11', '33']"
Mountsorrel,primary,POINT (52.723796 -1.132417),NGED,"['11', '33']"
Cranwell,primary,POINT (53.036757 -0.498346),NGED,"['11', '33']"
Ansty,primary,POINT (52.429981 -1.40039),NGED,"['11', '33']"
Lady Windsor,primary,POINT (51.6369 -3.355965),NGED,[]
Kingsweston,primary,POINT (51.511327 -2.683956),NGED,[]
Keynsham East,primary,POINT (51.412374 -2.492161),NGED,[]
Weston Mill,primary,POINT (50.403075 -4.17072),NGED,[]
Portable Swbd No4,primary,POINT (51.689418 -3.905942),NGED,[]
Kingsbridge,primary,POINT (50.28566 -3.779218),NGED,[]
Bishopston,primary,POINT (51.587683 -4.046601),NGED,[]
Ogmore Vale,primary,POINT (51.608169 -3.54393),NGED,[]
Weedon,primary,POINT (52.234914 -1.081017),NGED,"['11', '33']"
Little Hallam,primary,POINT (52.959845 -1.309009),NGED,"['11', '33']"
British Gas Hallen,primary,POINT (51.529284 -2.653996),NGED,[]
Fairwater,primary,POINT (51.49346 -3.242428),NGED,[]
Morlanga,primary,POINT (51.48377 -3.308225),NGED,[]
Nantgaredig,primary,POINT (51.864671 -4.191183),NGED,[]
Street Arvans,primary,POINT (51.678524 -2.71417),NGED,[]
Gunnislake,primary,POINT (50.520612 -4.224599),NGED,[]
Wootton,primary,POINT (52.205593 -0.874247),NGED,"['11', '33']"
Denton,primary,POINT (52.217674 -0.776438),NGED,"['11', '33']"
Wingerworth,primary,POINT (53.207037 -1.419818),NGED,"['11', '33']"
Robert Hyde,primary,POINT (53.230748 -1.419453),NGED,"['11', '33']"
Shifnal,primary,POINT (52.66555 -2.378356),NGED,"['11', '33']"
Rowton,primary,POINT (52.701117 -2.94128),NGED,"['11', '33']"
Priestweston,primary,POINT (52.575906 -3.047073),NGED,"['11', '33']"
Hinstock,primary,POINT (52.836836 -2.450876),NGED,"['11', '33']"
High Offley,primary,POINT (52.831992 -2.320505),NGED,"['11', '33']"
Goldenhill Bank,primary,POINT (53.082891 -2.226731),NGED,"['11', '33']"
Froghall,primary,POINT (53.022497 -1.963494),NGED,"['11', '33']"
Endon,primary,POINT (53.070423 -2.104029),NGED,"['11', '33']"
Easthope,primary,POINT (52.552005 -2.636935),NGED,"['11', '33']"
Cheddleton,primary,POINT (53.071398 -2.035854),NGED,"['11', '33']"
Bardon,primary,POINT (52.713902 -1.34779),NGED,"['11', '33']"
Exeter Science Park,primary,POINT (50.735036 -3.460872),NGED,[]
Winterbourne,primary,POINT (51.524384 -2.512798),NGED,[]
Feeder Road,primary,POINT (51.450819 -2.566615),NGED,['11']
Beeston,primary,POINT (52.93028 -1.215161),NGED,"['11', '33']"
Dowlish Ford,primary,POINT (50.915286 -2.914446),NGED,[]
Barton,primary,POINT (50.489307 -3.535777),NGED,[]
Sowton,primary,POINT (50.726336 -3.466822),NGED,[]
Tunnel Bank Bourne,primary,POINT (52.758451 -0.364618),NGED,"['11', '33']"
Caterpillar Desford,primary,POINT (52.610389 -1.295218),NGED,"['11', '33']"
Camp,primary,POINT (51.786637 -2.130284),NGED,"['11', '33']"
Lime Tree Place,primary,POINT (53.141477 -1.191105),NGED,"['11', '33']"
North Street Langport,primary,POINT (51.039681 -2.827292),NGED,[]
Eckington,primary,POINT (53.30318 -1.366281),NGED,"['11', '33']"
Marsh Lane,primary,POINT (52.961788 -0.013683),NGED,"['11', '33']"
Curry Mallet,primary,POINT (50.987212 -2.944453),NGED,[]
Trent Alloys,primary,POINT (52.850252 -1.56439),NGED,"['11', '33']"
Trent Lane,primary,POINT (52.8502 -1.3454),NGED,"['11', '33']"
Street Weonards,primary,POINT (51.909769 -2.728678),NGED,"['66', '11']"
Presteigne,primary,POINT (52.264994 -2.988122),NGED,"['66', '11']"
Rocester,primary,POINT (52.950136 -1.850591),NGED,"['11', '33']"
Holyhead Road,primary,POINT (52.417054 -1.543438),NGED,"['11', '33']"
Copsewood,primary,POINT (52.403002 -1.464166),NGED,"['11', '33']"
Blackawton,primary,POINT (50.347764 -3.681925),NGED,[]
Stockton,primary,POINT (52.300795 -2.421652),NGED,"['11', '33']"
Pontyates,primary,POINT (51.752545 -4.226043),NGED,[]
Hereford South,primary,POINT (52.029503 -2.706165),NGED,"['66', '11']"
Arley,primary,POINT (52.502165 -1.575438),NGED,"['11', '33']"
Swinderby,primary,POINT (53.167392 -0.712857),NGED,"['11', '33']"
Western Approach,primary,POINT (51.548467 -2.649973),NGED,[]
Malehurst,primary,POINT (52.650159 -2.910592),NGED,"['11', '33']"
Kingsthorpe,primary,POINT (52.264991 -0.900541),NGED,"['11', '33']"
Harbury,primary,POINT (52.227229 -1.430722),NGED,['11']
Llanfyrnach,primary,POINT (51.948938 -4.587613),NGED,[]
Coventry Colliery,primary,POINT (52.45585 -1.526172),NGED,"['11', '33']"
Warsop,primary,POINT (53.216486 -1.140378),NGED,"['11', '33']"
Washwood Heath B R,primary,POINT (52.4986 -1.8576),NGED,['25']
Barwell,primary,POINT (52.582796 -1.338417),NGED,"['11', '33']"
Fox Milne,primary,POINT (52.048358 -0.706768),NGED,"['11', '33']"
Park Street,primary,POINT (51.390505 -2.367452),NGED,[]
Doddington Park,primary,POINT (53.206017 -0.615559),NGED,"['11', '33']"
Newton Road,primary,POINT (51.990459 -0.753031),NGED,"['11', '33']"
Camborne Treswithian,primary,POINT (50.223203 -5.322926),NGED,[]
Wardentree Park,primary,POINT (52.81348 -0.134117),NGED,"['11', '33']"
Hartlebury Efw,primary,POINT (52.326619 -2.207786),NGED,[]
English Electric,primary,POINT (52.380628 -1.269939),NGED,"['11', '33']"
Arley Switching Site,primary,POINT (52.4261 -2.3222),NGED,['33']
Rugeley Town,primary,POINT (52.75436 -1.934943),NGED,"['132', '11']"
Llantarnam,bsp,POINT (51.629973 -3.016346),NGED,[]
Banbury,bsp,POINT (52.070169 -1.335557),NGED,"['132', '11']"
Camborne,bsp,POINT (50.229563 -5.279225),NGED,[]
Barry Grid,bsp,POINT (51.414511 -3.278335),NGED,[]
Churchill,bsp,POINT (51.358128 -2.788208),NGED,['132']
Goitside,bsp,POINT (53.232925 -1.444427),NGED,['132']
Tiln Farm,bsp,POINT (53.35 -0.9371),NGED,['132']
Asfordby,bsp,POINT (52.781369 -0.929103),NGED,['132']
Stony Stratford B,bsp,POINT (52.0182 -0.8668),NGED,['132']
Bromford,bsp,POINT (52.5153 -1.7577),NGED,[]
Lincoln No 1,bsp,POINT (53.228425 -0.518854),NGED,['33']
Ammanford Grid,bsp,POINT (51.772558 -4.030156),NGED,[]
Irthlingborough,bsp,POINT (52.31953 -0.614369),NGED,"['132', '11', '33']"
Whitley,bsp,POINT (52.393555 -1.482664),NGED,['33']
Newport East,bsp,POINT (51.587186 -2.984212),NGED,[]
Sleaford,bsp,POINT (52.991321 -0.406506),NGED,['132']
Wigston (M42),bsp,POINT (52.577661 -1.144438),NGED,['132']
Spondon 'B',bsp,POINT (52.906053 -1.398495),NGED,"['132', '11', '33']"
Heanor,bsp,POINT (53.021335 -1.362665),NGED,['33']
Nantgarw Grid,bsp,POINT (51.563502 -3.26892),NGED,[]
Wolverhampton West,bsp,POINT (52.573621 -2.185595),NGED,"['132', '11', '33']"
Cotham Grange Pv,bsp,POINT (53.02874 -0.821695),NGED,[]
Heanor,bsp,POINT (53.021715 -1.363166),NGED,['132']
Bartley Green,bsp,POINT (52.441353 -1.98629),NGED,"['132', '11']"
Smethwick,bsp,POINT (52.507822 -1.969002),NGED,"['132', '11', '25']"
Norrington,bsp,POINT (51.384449 -2.169602),NGED,[]
Feeder Road,bsp,POINT (51.448748 -2.563625),NGED,['132']
Forsbrook,bsp,POINT (52.980228 -2.043761),NGED,"['132', '33']"
Plymouth,bsp,POINT (50.367738 -4.112548),NGED,['33']
Tamworth,bsp,POINT (52.608507 -1.656177),NGED,['132']
Derby,bsp,POINT (52.92601 -1.476506),NGED,['33']
Rhoscrowther,bsp,POINT (51.681695 -5.032878),NGED,[]
Lincoln Main/No.1/No.5,bsp,POINT (53.22868 -0.518441),NGED,"['33', '132', '11']"
Ebbw Vale,bsp,POINT (51.766145 -3.196341),NGED,[]
Whitfield Switching Site,bsp,POINT (53.0811 -2.174905),NGED,['132']
Kitts Green,bsp,POINT (52.484057 -1.779281),NGED,"['132', '11']"
Longton,bsp,POINT (52.974614 -2.133284),NGED,"['132', '11', '33']"
Waterton Industrial Grid,bsp,POINT (51.500617 -3.534197),NGED,[]
Chesterfield,bsp,POINT (53.225174 -1.386995),NGED,['33']
Coventry Central,bsp,POINT (52.419948 -1.507559),NGED,['33']
Wolverhampton,bsp,POINT (52.581407 -2.113609),NGED,"['132', '11', '33']"
Burton South,bsp,POINT (52.77254 -1.646186),NGED,['33']
Pengam Grid,bsp,POINT (51.67 -3.2178),NGED,[]
Spalding Clay Lake,bsp,POINT (52.773076 -0.142768),NGED,['33']
Radstock,bsp,POINT (51.291349 -2.508146),NGED,['132']
Boothen,bsp,POINT (52.99644 -2.180954),NGED,"['132', '11', '33']"
Chad Valley,bsp,POINT (52.473798 -1.953023),NGED,"['132', '11']"
East Claydon,bsp,POINT (51.928118 -0.908267),NGED,['33']
Eastern Avenue,bsp,POINT (51.855517 -2.225106),NGED,"['132', '11']"
Spalding,bsp,POINT (52.772887 -0.141027),NGED,"['132', '33']"
Worcester,bsp,POINT (52.192098 -2.236123),NGED,"['132', '11']"
Grantham,bsp,POINT (52.924313 -0.588846),NGED,['33']
Energlyn,bsp,POINT (51.59283 -3.238988),NGED,[]
Skegness,bsp,POINT (53.141036 0.261293),NGED,['33']
Glan Llyn,bsp,POINT (51.58047 -2.914144),NGED,[]
Coalville,bsp,POINT (52.688444 -1.327028),NGED,['33']
Hinckley,bsp,POINT (52.528864 -1.395257),NGED,['33']
Meaford C,bsp,POINT (52.931522 -2.167532),NGED,"['132', '11', '33']"
Whitfield,bsp,POINT (53.079315 -2.178033),NGED,"['132', '11', '33']"
Llanarth Grid,bsp,POINT (52.1881 -4.3221),NGED,[]
Toton,bsp,POINT (52.916577 -1.265304),NGED,['132']
Melton Mowbray,bsp,POINT (52.764908 -0.869067),NGED,"['132', '11', '33']"
Loughborough,bsp,POINT (52.786608 -1.209696),NGED,['33']
Barlaston,bsp,POINT (52.924169 -2.167399),NGED,['132']
Goitside,bsp,POINT (53.233651 -1.443819),NGED,['33']
Harbury,bsp,POINT (52.228003 -1.432849),NGED,['33']
Hall Green,bsp,POINT (52.440799 -1.842357),NGED,"['132', '11']"
Seabank,bsp,POINT (51.536866 -2.671046),NGED,[]
Rassau West,bsp,POINT (51.798644 -3.23685),NGED,"['132', '11']"
Kingstanding,bsp,POINT (52.555788 -1.879675),NGED,"['132', '11']"
Bath (Dolemeads),bsp,POINT (51.378597 -2.35398),NGED,['132']
Wednesfield,bsp,POINT (52.599312 -2.07047),NGED,"['132', '11']"
Tividale,bsp,POINT (52.520606 -2.053189),NGED,"['132', '11']"
Selly Oak,bsp,POINT (52.444718 -1.937914),NGED,['132']
Hams Hall South,bsp,POINT (52.525343 -1.717567),NGED,"['132', '11']"
Grantham,bsp,POINT (52.924982 -0.588438),NGED,"['132', '33']"
Birchfield Lane,bsp,POINT (52.493404 -2.022447),NGED,"['132', '11']"
Newport South,bsp,POINT (51.567046 -2.967849),NGED,[]
Leicester Grid (M63),bsp,POINT (52.622911 -1.141104),NGED,['132']
Rassau Unit 18,bsp,POINT (51.803319 -3.233439),NGED,['132']
Stamford,bsp,POINT (52.651699 -0.47117),NGED,['33']
Woodside,bsp,POINT (52.48995 -2.116789),NGED,"['132', '11']"
Pinxton,bsp,POINT (53.105687 -1.302791),NGED,['132']
Uttoxeter,bsp,POINT (52.908388 -1.856964),NGED,"['132', '33']"
Solihull,bsp,POINT (52.415177 -1.779742),NGED,"['132', '11']"
Tewkesbury Grid,bsp,POINT (52.001717 -2.129481),NGED,"['132', '11']"
Oakham,bsp,POINT (52.668317 -0.709587),NGED,['33']
North Tawton,bsp,POINT (50.796504 -3.913464),NGED,[]
Corby,bsp,POINT (52.491956 -0.668462),NGED,['33']
Branston Solar,bsp,POINT (53.177734 -0.46992),NGED,['132']
Ketley,bsp,POINT (52.694293 -2.483791),NGED,"['132', '11', '33']"
Crumlin,bsp,POINT (51.67461 -3.157858),NGED,[]
Bradley Stoke,bsp,POINT (51.548258 -2.559677),NGED,[]
Coventry West,bsp,POINT (52.40183 -1.604945),NGED,['33']
Gowerton East Grid,bsp,POINT (51.646255 -4.013174),NGED,[]
Bentley,bsp,POINT (52.581415 -2.01715),NGED,"['132', '11']"
Worksop,bsp,POINT (53.306268 -1.100053),NGED,['132']
Tamworth,bsp,POINT (52.608129 -1.655752),NGED,['33']
Alfreton,bsp,POINT (53.109106 -1.385016),NGED,"['132', '33']"
Staveley,bsp,POINT (53.267048 -1.385976),NGED,['132']
Kidsgrove B.R,bsp,POINT (53.081083 -2.207912),NGED,[]
Skegness,bsp,POINT (53.140288 0.260446),NGED,['132']
Grantham North,bsp,POINT (52.937931 -0.646659),NGED,"['132', '11', '25']"
Stafford South,bsp,POINT (52.793893 -2.105992),NGED,"['132', '11']"
Burnaston,bsp,POINT (52.874403 -1.573508),NGED,"['132', '11']"
Bourne West,bsp,POINT (52.760195 -0.419669),NGED,"['132', '25']"
South Holland,bsp,POINT (52.756879 0.031902),NGED,"['132', '33']"
Timberdine,bsp,POINT (52.167674 -2.205275),NGED,"['132', '11']"
Upton Warren,bsp,POINT (52.309601 -2.095764),NGED,"['66', '132', '11']"
Warndon,bsp,POINT (52.217708 -2.19362),NGED,"['132', '11']"
Summer Lane,bsp,POINT (52.48769 -1.898814),NGED,"['132', '11']"
Stony Stratford,bsp,POINT (52.018448 -0.866869),NGED,['33']
Hawton,bsp,POINT (53.05058 -0.805017),NGED,['33']
Uttoxeter,bsp,POINT (52.908092 -1.857322),NGED,['33']
Spondon B,bsp,POINT (52.906386 -1.39849),NGED,['33']
Derby South,bsp,POINT (52.886625 -1.461733),NGED,['33']
Mansfield,bsp,POINT (53.156068 -1.199356),NGED,['33']
Checkerhouse,bsp,POINT (53.306591 -0.997304),NGED,['132']
Nottingham,bsp,POINT (52.931997 -1.162463),NGED,['132']
Ryeford,bsp,POINT (51.739154 -2.272477),NGED,"['132', '11', '33']"
Walsall,bsp,POINT (52.598156 -2.000459),NGED,"['132', '33']"
Ironbridge,bsp,POINT (52.633335 -2.509079),NGED,"['132', '33']"
Loughborough,bsp,POINT (52.787092 -1.209539),NGED,['132']
Leicester North,bsp,POINT (52.646981 -1.142865),NGED,['132']
Coalville,bsp,POINT (52.688761 -1.327349),NGED,['132']
Leicester East,bsp,POINT (52.630077 -1.101219),NGED,"['6.6', '132', '33']"
Kibworth,bsp,POINT (52.537179 -1.023648),NGED,['33']
Leicester East,bsp,POINT (52.629933 -1.101237),NGED,['33']
Hinckley,bsp,POINT (52.528967 -1.396169),NGED,['132']
Buxton,bsp,POINT (53.27599 -1.885675),NGED,['33']
Derby South,bsp,POINT (52.885876 -1.461103),NGED,['132']
Bradwell Abbey,bsp,POINT (52.049618 -0.796812),NGED,['33']
Northampton,bsp,POINT (52.230289 -0.883462),NGED,['33']
Kettering,bsp,POINT (52.401923 -0.738113),NGED,['33']
Northampton West,bsp,POINT (52.245663 -0.913337),NGED,['33']
Cheltenham,bsp,POINT (51.90905 -2.120492),NGED,"['66', '132', '11']"
Dudley,bsp,POINT (52.507236 -2.099185),NGED,"['132', '11']"
Middlemarsh,bsp,POINT (53.160675 0.292647),NGED,['132']
Hinksford,bsp,POINT (52.506039 -2.193988),NGED,"['132', '11', '33']"
Lichfield,bsp,POINT (52.698268 -1.817535),NGED,"['132', '11']"
Marle Hill,bsp,POINT (51.9108 -2.082307),NGED,"['66', '132', '11']"
Montpellier,bsp,POINT (51.893024 -2.08428),NGED,"['132', '11']"
Nechells West,bsp,POINT (52.506787 -1.857665),NGED,"['132', '11', '25']"
Newcastle,bsp,POINT (53.029034 -2.242253),NGED,"['132', '11']"
Ocker Hill B,bsp,POINT (52.541415 -2.03732),NGED,"['132', '11', '33']"
Perry Barr,bsp,POINT (52.527117 -1.895864),NGED,"['132', '11']"
Rushall,bsp,POINT (52.598448 -1.970105),NGED,"['132', '11']"
Shirley,bsp,POINT (52.395615 -1.805822),NGED,"['132', '11']"
Stafford,bsp,POINT (52.8104 -2.122084),NGED,"['132', '11', '25']"
Sutton Coldfield,bsp,POINT (52.562769 -1.813406),NGED,"['132', '11']"
Cheapside,bsp,POINT (52.472927 -1.887571),NGED,"['132', '11']"
Annesley,bsp,POINT (53.088879 -1.245561),NGED,['33']
Burntwood,bsp,POINT (52.680274 -1.947818),NGED,"['132', '11']"
Longbridge,bsp,POINT (52.396751 -1.973958),NGED,"['132', '11']"
Bletchley,bsp,POINT (52.01151 -0.743937),NGED,['33']
Bletchley,bsp,POINT (52.010919 -0.743283),NGED,"['132', '11', '33']"
Brackley,bsp,POINT (52.049097 -1.14608),NGED,['132']
Kettering,bsp,POINT (52.401062 -0.738285),NGED,['132']
Wellingborough,bsp,POINT (52.291846 -0.68579),NGED,"['132', '33']"
Northampton West,bsp,POINT (52.24547 -0.913869),NGED,"['132', '11', '33']"
Northampton,bsp,POINT (52.229665 -0.881222),NGED,['132']
Lydney,bsp,POINT (51.736644 -2.536631),NGED,"['11', '33']"
Castle Bromwich,bsp,POINT (52.526691 -1.781367),NGED,"['132', '11']"
Hams Hall A,bsp,POINT (52.524427 -1.718266),NGED,['33']
Erdington,bsp,POINT (52.512969 -1.827983),NGED,"['132', '11']"
Bushbury B-C,bsp,POINT (52.634277 -2.112593),NGED,"['132', '11', '33']"
Winson Green,bsp,POINT (52.487424 -1.927988),NGED,"['132', '11']"
Chipping Sodbury,bsp,POINT (51.553176 -2.412175),NGED,"['132', '11', '33']"
Rugeley Switching Site,bsp,POINT (52.753598 -1.911031),NGED,['132']
Chester Street,bsp,POINT (52.496259 -1.881016),NGED,"['132', '11']"
Clipstone,bsp,POINT (53.165775 -1.103293),NGED,['33']
Nottingham East,bsp,POINT (52.965574 -1.102333),NGED,['33']
Toton,bsp,POINT (52.916804 -1.264185),NGED,['33']
Bridgwater Grid,bsp,POINT (51.119568 -2.964653),NGED,[]
Street Austell,bsp,POINT (50.355438 -4.790771),NGED,[]
Winterbourne Abbas Dummy,bsp,POINT (50.7135 -2.5302),NGED,[]
Yeovil Dummy,bsp,POINT (50.9494 -2.6055),NGED,[]
Feeder Road,bsp,POINT (51.449858 -2.566502),NGED,['33']
Marsh Barton,bsp,POINT (50.706756 -3.523796),NGED,[]
Haverfordwest Grid,bsp,POINT (51.80684 -4.933263),NGED,[]
Portable Swbd No1 - Cardiff East,bsp,POINT (51.712624 -4.042047),NGED,[]
Briton Ferry Grid,bsp,POINT (51.62553 -3.821431),NGED,[]
Pontypool North Grid,bsp,POINT (51.714811 -3.00244),NGED,[]
Fords Grid Bridgend,bsp,POINT (51.494819 -3.535414),NGED,[]
Talbot Green Grid,bsp,POINT (51.550404 -3.388525),NGED,[]
East Aberthaw,bsp,POINT (51.397383 -3.387968),NGED,[]
Cardiff Central Grid,bsp,POINT (51.478276 -3.163218),NGED,[]
Sully Grid,bsp,POINT (51.41276 -3.227613),NGED,[]
Street Pauls,bsp,POINT (51.459677 -2.582846),NGED,['132']
Cwmbran,bsp,POINT (51.653537 -3.025026),NGED,[]
Lockleaze,bsp,POINT (51.487068 -2.569542),NGED,['132']
Weston,bsp,POINT (51.34555 -2.955852),NGED,['132']
Milehouse,bsp,POINT (50.383879 -4.157802),NGED,[]
Plymouth,bsp,POINT (50.369095 -4.11161),NGED,[]
Toes,bsp,POINT (50.44438 -3.727137),NGED,[]
Truro,bsp,POINT (50.284722 -5.085039),NGED,[]
Rame,bsp,POINT (50.157663 -5.183686),NGED,[]
Barnstaple,bsp,POINT (51.067958 -4.053929),NGED,[]
Pyworthy,bsp,POINT (50.794333 -4.407733),NGED,[]
Street Germans,bsp,POINT (50.418595 -4.372614),NGED,[]
Landulph,bsp,POINT (50.44302 -4.241803),NGED,[]
Newton Abbot (Forde Road),bsp,POINT (50.532051 -3.594778),NGED,[]
Exeter City,bsp,POINT (50.712429 -3.528031),NGED,[]
Exeter Main,bsp,POINT (50.766462 -3.405625),NGED,[]
Tiverton,bsp,POINT (50.896285 -3.380835),NGED,[]
Bowhays Cross,bsp,POINT (51.159705 -3.339478),NGED,[]
Street,bsp,POINT (51.132054 -2.752167),NGED,[]
Woodcote,bsp,POINT (50.787491 -2.921228),NGED,[]
Lincoln Local/No.2,bsp,POINT (53.228316 -0.522408),NGED,"['132', '11']"
Margam Grid,bsp,POINT (51.567416 -3.756311),NGED,[]
Cardiff North Grid,bsp,POINT (51.525444 -3.19397),NGED,[]
Bradwell Abbey,bsp,POINT (52.049561 -0.796507),NGED,['132']
Corby,bsp,POINT (52.491301 -0.670249),NGED,['132']
Castle Meads,bsp,POINT (51.867778 -2.257075),NGED,"['132', '33']"
Nuneaton,bsp,POINT (52.511601 -1.488294),NGED,['33']
Tamworth Town,bsp,POINT (52.632337 -1.687831),NGED,['33']
Coventry North,bsp,POINT (52.453857 -1.46767),NGED,['33']
Coventry South,bsp,POINT (52.405817 -1.538982),NGED,['33']
Harbury,bsp,POINT (52.227821 -1.432339),NGED,['132']
Coventry North,bsp,POINT (52.452977 -1.467827),NGED,"['132', '11', '33']"
Coventry Central,bsp,POINT (52.420576 -1.507214),NGED,['132']
Hereford,bsp,POINT (52.055146 -2.619691),NGED,"['66', '132']"
Pailton,bsp,POINT (52.438834 -1.27626),NGED,['33']
Burton South,bsp,POINT (52.772666 -1.646274),NGED,['132']
Warwick,bsp,POINT (52.286468 -1.566536),NGED,['132']
Newport West,bsp,POINT (51.567327 -3.00505),NGED,[]
Magor Grid,bsp,POINT (51.580786 -2.844328),NGED,[]
Grangetown Grid,bsp,POINT (51.464119 -3.193146),NGED,[]
Pencoed Grid,bsp,POINT (51.5227 -3.487545),NGED,[]
Rodmills,bsp,POINT (51.480239 -3.141005),NGED,[]
Bridgend Grid,bsp,POINT (51.518422 -3.578194),NGED,[]
Trowbridge,bsp,POINT (51.512154 -3.098282),NGED,"['132', '11']"
Abergavenny,bsp,POINT (51.839572 -3.013309),NGED,[]
Tir John Grid,bsp,POINT (51.625242 -3.898063),NGED,[]
Portable Swbd No2 - Cardiff East,bsp,POINT (51.713095 -4.041344),NGED,[]
Llanelli Grid,bsp,POINT (51.677598 -4.173314),NGED,[]
Swansea West Grid,bsp,POINT (51.62768 -3.981258),NGED,[]
South Hook,bsp,POINT (51.719686 -5.074027),NGED,[]
Pontyclun,bsp,POINT (51.529548 -3.398674),NGED,[]
Portishead New,bsp,POINT (51.489533 -2.744282),NGED,[]
Cardiff South,bsp,POINT (51.4656 -3.1553),NGED,[]
Fullabrook Windfarm,bsp,POINT (51.106727 -4.114547),NGED,[]
Elmdon,bsp,POINT (52.452447 -1.711838),NGED,"['132', '11']"
Sparkbrook,bsp,POINT (52.461902 -1.858869),NGED,"['132', '11']"
Halesowen,bsp,POINT (52.454093 -2.045913),NGED,"['132', '11']"
Lydney,bsp,POINT (51.736686 -2.537297),NGED,"['132', '33']"
Chelmsley Wood,bsp,POINT (52.480014 -1.736262),NGED,"['132', '11']"
Boughton Road,bsp,POINT (52.464601 -1.820517),NGED,"['132', '11']"
Worksop,bsp,POINT (53.306502 -1.101173),NGED,['33']
Warwick,bsp,POINT (52.285782 -1.565824),NGED,['33']
Staveley,bsp,POINT (53.266992 -1.385452),NGED,['33']
Stanton,bsp,POINT (52.947896 -1.311803),NGED,['33']
South Holland,bsp,POINT (52.756758 0.0316),NGED,['33']
Rugby,bsp,POINT (52.388425 -1.261626),NGED,['33']
Nottingham North,bsp,POINT (52.978549 -1.1733),NGED,['33']
Nottingham,bsp,POINT (52.932472 -1.162201),NGED,['33']
Melton Mowbray,bsp,POINT (52.764771 -0.869782),NGED,['33']
Leicester,bsp,POINT (52.623121 -1.141573),NGED,['33']
Whitwell,bsp,POINT (53.276766 -1.226931),NGED,"['132', '33']"
Cannock,bsp,POINT (52.682747 -2.018448),NGED,"['132', '11']"
Ludlow,bsp,POINT (52.366493 -2.688309),NGED,"['66', '132', '11', '33']"
Kidderminster,bsp,POINT (52.383543 -2.25022),NGED,"['132', '11', '33']"
Stourport,bsp,POINT (52.33857 -2.268752),NGED,"['66', '132', '11', '33']"
Stagefields / (Reporting),bsp,POINT (53.013222 -2.169279),NGED,"['132', '11']"
Checkerhouse,bsp,POINT (53.307305 -0.995682),NGED,['33']
Selly Oak / Transformer Site,bsp,POINT (52.444393 -1.936767),NGED,"['132', '11']"
Rednal,bsp,POINT (52.397076 -1.981512),NGED,"['132', '11']"
Copt Heath,bsp,POINT (52.407374 -1.748529),NGED,"['132', '11']"
Oldbury B,bsp,POINT (52.498446 -2.025926),NGED,['33']
Alfreton,bsp,POINT (53.109079 -1.384926),NGED,['33']
Daventry,bsp,POINT (52.25947 -1.154763),NGED,['33']
Highters Heath,bsp,POINT (52.404629 -1.869532),NGED,"['132', '11']"
Stony Stratford,bsp,POINT (52.018659 -0.867315),NGED,['132']
Whitley,bsp,POINT (52.393768 -1.482059),NGED,['132']
Coventry South,bsp,POINT (52.405162 -1.539356),NGED,"['132', '11', '33']"
Gresley,bsp,POINT (52.758633 -1.590376),NGED,['132']
Morriston Grid,bsp,POINT (51.667638 -3.913733),NGED,[]
Boc Margam,bsp,POINT (51.557994 -3.747148),NGED,[]
Robeston (Amoco) Grid,bsp,POINT (51.740856 -5.058978),NGED,[]
Ernesettle,bsp,POINT (50.42298 -4.187976),NGED,[]
Fraddon,bsp,POINT (50.375823 -4.936724),NGED,[]
Derby,bsp,POINT (52.925937 -1.476254),NGED,['132']
Leicester North,bsp,POINT (52.646786 -1.143267),NGED,['33']
Wigston,bsp,POINT (52.577631 -1.14404),NGED,['33']
Winster,bsp,POINT (53.126249 -1.639793),NGED,['33']
Avonmouth,bsp,POINT (51.502609 -2.68031),NGED,[]
Lye,bsp,POINT (52.460466 -2.12195),NGED,"['132', '11']"
Northampton East,bsp,POINT (52.243307 -0.836838),NGED,['33']
Corby North,bsp,POINT (52.509615 -0.680703),NGED,"['132', '33']"
Hockley,bsp,POINT (52.489183 -1.900298),NGED,"['132', '11']"
Trostre Grid,bsp,POINT (51.675287 -4.13214),NGED,[]
Spondon A,bsp,POINT (52.905134 -1.40163),NGED,['132']
Willoughby,bsp,POINT (52.825856 -1.071748),NGED,['33']
Nuneaton,bsp,POINT (52.51134 -1.488179),NGED,"['132', '11', '33']"
Bytham,bsp,POINT (52.744682 -0.493888),NGED,['25']
Grantham South,bsp,POINT (52.903971 -0.638365),NGED,"['132', '11']"
Oakham,bsp,POINT (52.668219 -0.710463),NGED,['132']
Boston,bsp,POINT (52.966407 -0.014111),NGED,['33']
Clipstone,bsp,POINT (53.166312 -1.102983),NGED,"['132', '11', '33']"
Willoughby,bsp,POINT (52.826487 -1.070814),NGED,"['132', '11', '33']"
Retford,bsp,POINT (53.325188 -0.96145),NGED,"['132', '25']"
Carmarthen Grid,bsp,POINT (51.847898 -4.356836),NGED,[]
Panteg,bsp,POINT (51.680879 -3.01575),NGED,"['132', '11']"
Sudbrook,bsp,POINT (51.586503 -2.7116),NGED,[]
Daventry,bsp,POINT (52.259824 -1.154068),NGED,"['132', '11', '33']"
Cambridge Arms,bsp,POINT (51.741775 -2.380869),NGED,['132']
Waterston Grid,bsp,POINT (51.710583 -4.985573),NGED,[]
Carlton Park,bsp,POINT (52.584415 -1.20944),NGED,"['132', '11']"
Bourne,bsp,POINT (52.765708 -0.384386),NGED,['33']
Nottingham East,bsp,POINT (52.965081 -1.102418),NGED,"['132', '33']"
Irthlingborough,bsp,POINT (52.319301 -0.61398),NGED,['33']
Sleaford,bsp,POINT (52.991676 -0.405436),NGED,['33']
Wellingborough,bsp,POINT (52.292157 -0.684651),NGED,['33']
Annesley,bsp,POINT (53.08768 -1.243671),NGED,['132']
Northampton East,bsp,POINT (52.24289 -0.836585),NGED,"['132', '11', '33']"
Tamworth Town,bsp,POINT (52.632524 -1.687239),NGED,['132']
Stanton,bsp,POINT (52.948253 -1.312869),NGED,"['132', '33']"
Winster,bsp,POINT (53.126248 -1.639584),NGED,"['132', '33']"
Stamford,bsp,POINT (52.651769 -0.470296),NGED,"['132', '33']"
Burslem,bsp,POINT (53.050979 -2.202232),NGED,"['132', '11']"
Bournville,bsp,POINT (52.428061 -1.925716),NGED,"['132', '11']"
Black Lake,bsp,POINT (52.531028 -2.005956),NGED,"['132', '11']"
Coseley,bsp,POINT (52.552434 -2.091264),NGED,"['132', '11']"
Rhos Grid,bsp,POINT (52.005951 -4.361856),NGED,[]
Milford Haven Grid,bsp,POINT (51.734266 -4.972708),NGED,[]
North Greetwell Switching Station,bsp,POINT (53.254599 -0.489874),NGED,['132']
Boston,bsp,POINT (52.966442 -0.015108),NGED,['132']
Whitwell,bsp,POINT (53.277162 -1.226879),NGED,['33']
Nottingham North,bsp,POINT (52.978954 -1.173381),NGED,['132']
Mansfield,bsp,POINT (53.155233 -1.198175),NGED,"['132', '11', '33']"
Bordesley,bsp,POINT (52.474618 -1.879248),NGED,"['132', '11']"
East Yelland,bsp,POINT (51.068627 -4.171133),NGED,[]
Sowton,bsp,POINT (50.726989 -3.465709),NGED,[]
Torquay,bsp,POINT (50.488314 -3.544218),NGED,[]
Street Tudy,bsp,POINT (50.536037 -4.721864),NGED,[]
Cardiff West Grid,bsp,POINT (51.470616 -3.210218),NGED,[]
Ystradgynlais Grid,bsp,POINT (51.76322 -3.753947),NGED,[]
Mountain Ash Grid,bsp,POINT (51.668102 -3.370663),NGED,[]
Lampeter Grid,bsp,POINT (52.094589 -4.089072),NGED,[]
Bourne,bsp,POINT (52.765291 -0.384179),NGED,['132']
Burton,bsp,POINT (52.8172 -1.622855),NGED,['33']
Coventry West,bsp,POINT (52.400931 -1.604967),NGED,['132']
Gresley,bsp,POINT (52.758909 -1.589514),NGED,['33']
Hawton,bsp,POINT (53.050768 -0.804923),NGED,['132']
Kibworth (M46),bsp,POINT (52.537425 -1.025162),NGED,['132']
Hatton Gas Compressor,bsp,POINT (53.270099 -0.234817),NGED,['132']
Pailton,bsp,POINT (52.439085 -1.276167),NGED,['132']
Sleaford Rep,bsp,POINT (53.000149 -0.381802),NGED,['132']
Rugby,bsp,POINT (52.388369 -1.262641),NGED,"['132', '11', '33']"
Lincoln No.2,bsp,POINT (53.228623 -0.518907),NGED,['33']
Rover Way Grid,bsp,POINT (51.473693 -3.138134),NGED,[]
Golden Hill Grid,bsp,POINT (51.683948 -4.908335),NGED,[]
Plympton,bsp,POINT (50.372373 -4.011454),NGED,[]
Paignton,bsp,POINT (50.421516 -3.58971),NGED,[]
Malvern,bsp,POINT (52.127417 -2.304159),NGED,"['132', '11']"
Hayle,bsp,POINT (50.19336 -5.42963),NGED,[]
Taunton Main,bsp,POINT (51.017329 -3.152712),NGED,[]
Merthyr East Grid,bsp,POINT (51.757782 -3.360105),NGED,[]
Exmouth,bsp,POINT (50.631493 -3.400336),NGED,[]
Hirwaun Grid,bsp,POINT (51.74183 -3.536041),NGED,[]
Burton,bsp,POINT (52.816366 -1.623456),NGED,['132']
Staythorpe B Switching Station,bsp,POINT (53.077885 -0.864108),NGED,['132']
Ladywood,bsp,POINT (52.47696 -1.915888),NGED,"['132', '11']"
Dowlais Grid,bsp,POINT (51.774169 -3.34651),NGED,[]
Seabank Sgp,gsp,POINT (51.537053 -2.669737),NGED,[]
Grendon,gsp,POINT (52.243426 -0.725638),NGED,"['132', '400']"
Bridgwater,gsp,POINT (51.118052 -2.968536),NGED,[]
Walpole,gsp,POINT (52.727802 0.199163),NGED,['132']
Axminster,gsp,POINT (50.786972 -2.924325),NGED,[]
Indian Queens Sgp,gsp,POINT (50.396581 -4.898885),NGED,[]
Chesterfield / (Ngt),gsp,POINT (53.224985 -1.386818),NGED,"['132', '275']"
Bustleholm,gsp,POINT (52.552985 -1.96251),NGED,['132']
Pyle Grid,gsp,POINT (51.536414 -3.687449),NGED,[]
Landulph,gsp,POINT (50.445355 -4.24197),NGED,[]
Aberthaw,gsp,POINT (51.388753 -3.402137),NGED,[]
Oldbury,gsp,POINT (52.498932 -2.022126),NGED,['132']
Upper Boat,gsp,POINT (51.576135 -3.296921),NGED,[]
Willington,gsp,POINT (52.856387 -1.548794),NGED,['132']
Sandford Sgp,gsp,POINT (51.340323 -2.838824),NGED,['132']
Stoke Bardolph,gsp,POINT (52.960038 -1.050477),NGED,"['132', '400']"
Pembroke,gsp,POINT (51.68228 -4.986936),NGED,[]
Ratcliffe On Soar,gsp,POINT (52.863594 -1.252519),NGED,['132']
Iron Acton,gsp,POINT (51.570415 -2.480174),NGED,[]
Abham,gsp,POINT (50.472347 -3.729791),NGED,[]
Alverdiscott,gsp,POINT (51.00633 -4.136448),NGED,[]
Bishops Wood,gsp,POINT (52.313039 -2.243147),NGED,"['132', '275']"
Ironbridge,gsp,POINT (52.632623 -2.509588),NGED,"['132', '400']"
Coventry,gsp,POINT (52.45571 -1.46388),NGED,"['132', '275']"
Rassau,gsp,POINT (51.808942 -3.225411),NGED,[]
Lea Marston,gsp,POINT (52.5276 -1.7082),NGED,['132']
Swansea North Grid,gsp,POINT (51.683165 -3.960809),NGED,[]
Feckenham,gsp,POINT (52.252827 -1.97183),NGED,"['66', '11']"
Shrewsbury,gsp,POINT (52.709173 -2.69341),NGED,"['132', '33']"
Willenhall,gsp,POINT (52.57732 -2.059353),NGED,"['132', '11']"
Drakelow,gsp,POINT (52.773349 -1.649322),NGED,"['132', '275']"
Bushbury D,gsp,POINT (52.636594 -2.114402),NGED,['132']
Cardiff East Grid,gsp,POINT (51.497082 -3.143644),NGED,[]
Berkswell,gsp,POINT (52.386945 -1.613835),NGED,"['132', '275']"
Enderby,gsp,POINT (52.598206 -1.214817),NGED,['132']
East Claydon,gsp,POINT (51.927273 -0.907298),NGED,['132']
Uskmouth,gsp,POINT (51.547842 -2.977306),NGED,[]
Cellarhead,gsp,POINT (53.04134 -2.085629),NGED,['132']
Iron Acton Supergrid,gsp,POINT (51.569202 -2.481965),NGED,['132']
Nechells East,gsp,POINT (52.507262 -1.849516),NGED,['132']
Ocker Hill C,gsp,POINT (52.542181 -2.03098),NGED,['132']
Kitwell,gsp,POINT (52.431725 -2.012899),NGED,['132']
Penn,gsp,POINT (52.556628 -2.208297),NGED,['132']
Bicker Fen,gsp,POINT (52.931459 -0.221146),NGED,['132']
Staythorpe C Switching Station,gsp,POINT (53.076936 -0.865477),NGED,['132']
Grange,gsp,POINT (51.56087 -3.75326),NGED,[]
West Burton,gsp,POINT (53.360439 -0.807142),NGED,['132']
Rugeley National Grid,gsp,POINT (52.754094 -1.912319),NGED,['132']
Taunton,gsp,POINT (51.018222 -3.154331),NGED,[]
Exeter Main,gsp,POINT (50.767706 -3.404655),NGED,[]
Melksham,gsp,POINT (51.393736 -2.150491),NGED,[]
Port Ham,gsp,POINT (51.871123 -2.265373),NGED,['132']
